
/home/nrv/.cache/arduino/sketches/2BC6DF9323331BCA951AC60BC96ADD28/pedals.ino.elf:     file format elf32-avr


Disassembly of section .text:

00000000 <__vectors>:
       0:	e2 c1       	rjmp	.+964    	; 0x3c6 <__ctors_end>
       2:	00 00       	nop
       4:	07 c2       	rjmp	.+1038   	; 0x414 <__bad_interrupt>
       6:	00 00       	nop
       8:	05 c2       	rjmp	.+1034   	; 0x414 <__bad_interrupt>
       a:	00 00       	nop
       c:	03 c2       	rjmp	.+1030   	; 0x414 <__bad_interrupt>
       e:	00 00       	nop
      10:	01 c2       	rjmp	.+1026   	; 0x414 <__bad_interrupt>
      12:	00 00       	nop
      14:	ff c1       	rjmp	.+1022   	; 0x414 <__bad_interrupt>
      16:	00 00       	nop
      18:	fd c1       	rjmp	.+1018   	; 0x414 <__bad_interrupt>
      1a:	00 00       	nop
      1c:	fb c1       	rjmp	.+1014   	; 0x414 <__bad_interrupt>
      1e:	00 00       	nop
      20:	f9 c1       	rjmp	.+1010   	; 0x414 <__bad_interrupt>
      22:	00 00       	nop
      24:	f7 c1       	rjmp	.+1006   	; 0x414 <__bad_interrupt>
      26:	00 00       	nop
      28:	18 c5       	rjmp	.+2608   	; 0xa5a <__vector_10>
      2a:	00 00       	nop
      2c:	b9 c5       	rjmp	.+2930   	; 0xba0 <__vector_11>
      2e:	00 00       	nop
      30:	f1 c1       	rjmp	.+994    	; 0x414 <__bad_interrupt>
      32:	00 00       	nop
      34:	ef c1       	rjmp	.+990    	; 0x414 <__bad_interrupt>
      36:	00 00       	nop
      38:	ed c1       	rjmp	.+986    	; 0x414 <__bad_interrupt>
      3a:	00 00       	nop
      3c:	eb c1       	rjmp	.+982    	; 0x414 <__bad_interrupt>
      3e:	00 00       	nop
      40:	e9 c1       	rjmp	.+978    	; 0x414 <__bad_interrupt>
      42:	00 00       	nop
      44:	e7 c1       	rjmp	.+974    	; 0x414 <__bad_interrupt>
      46:	00 00       	nop
      48:	e5 c1       	rjmp	.+970    	; 0x414 <__bad_interrupt>
      4a:	00 00       	nop
      4c:	e3 c1       	rjmp	.+966    	; 0x414 <__bad_interrupt>
      4e:	00 00       	nop
      50:	e1 c1       	rjmp	.+962    	; 0x414 <__bad_interrupt>
      52:	00 00       	nop
      54:	df c1       	rjmp	.+958    	; 0x414 <__bad_interrupt>
      56:	00 00       	nop
      58:	dd c1       	rjmp	.+954    	; 0x414 <__bad_interrupt>
      5a:	00 00       	nop
      5c:	22 c4       	rjmp	.+2116   	; 0x8a2 <__vector_23>
      5e:	00 00       	nop
      60:	d9 c1       	rjmp	.+946    	; 0x414 <__bad_interrupt>
      62:	00 00       	nop
      64:	d7 c1       	rjmp	.+942    	; 0x414 <__bad_interrupt>
      66:	00 00       	nop
      68:	d5 c1       	rjmp	.+938    	; 0x414 <__bad_interrupt>
      6a:	00 00       	nop
      6c:	d3 c1       	rjmp	.+934    	; 0x414 <__bad_interrupt>
      6e:	00 00       	nop
      70:	d1 c1       	rjmp	.+930    	; 0x414 <__bad_interrupt>
      72:	00 00       	nop
      74:	cf c1       	rjmp	.+926    	; 0x414 <__bad_interrupt>
      76:	00 00       	nop
      78:	cd c1       	rjmp	.+922    	; 0x414 <__bad_interrupt>
      7a:	00 00       	nop
      7c:	cb c1       	rjmp	.+918    	; 0x414 <__bad_interrupt>
      7e:	00 00       	nop
      80:	c9 c1       	rjmp	.+914    	; 0x414 <__bad_interrupt>
      82:	00 00       	nop
      84:	c7 c1       	rjmp	.+910    	; 0x414 <__bad_interrupt>
      86:	00 00       	nop
      88:	c5 c1       	rjmp	.+906    	; 0x414 <__bad_interrupt>
      8a:	00 00       	nop
      8c:	c3 c1       	rjmp	.+902    	; 0x414 <__bad_interrupt>
      8e:	00 00       	nop
      90:	c1 c1       	rjmp	.+898    	; 0x414 <__bad_interrupt>
      92:	00 00       	nop
      94:	bf c1       	rjmp	.+894    	; 0x414 <__bad_interrupt>
      96:	00 00       	nop
      98:	bd c1       	rjmp	.+890    	; 0x414 <__bad_interrupt>
      9a:	00 00       	nop
      9c:	bb c1       	rjmp	.+886    	; 0x414 <__bad_interrupt>
      9e:	00 00       	nop
      a0:	b9 c1       	rjmp	.+882    	; 0x414 <__bad_interrupt>
      a2:	00 00       	nop
      a4:	b7 c1       	rjmp	.+878    	; 0x414 <__bad_interrupt>
      a6:	00 00       	nop
      a8:	b5 c1       	rjmp	.+874    	; 0x414 <__bad_interrupt>
	...

000000ac <__trampolines_end>:
      ac:	01 23       	and	r16, r17
      ae:	02 23       	and	r16, r18
      b0:	04 23       	and	r16, r20
      b2:	08 23       	and	r16, r24
      b4:	80 23       	and	r24, r16
      b6:	01 29       	or	r16, r1
      b8:	02 29       	or	r16, r2
      ba:	04 29       	or	r16, r4
      bc:	08 29       	or	r16, r8
      be:	40 26       	eor	r4, r16
      c0:	80 26       	eor	r8, r16
      c2:	40 29       	or	r20, r0
      c4:	80 29       	or	r24, r0
      c6:	10 23       	and	r17, r16
      c8:	20 23       	and	r18, r16
      ca:	40 23       	and	r20, r16
      cc:	80 2f       	mov	r24, r16
      ce:	40 2f       	mov	r20, r16
      d0:	20 2f       	mov	r18, r16
      d2:	10 2f       	mov	r17, r16
      d4:	02 2f       	mov	r16, r18
      d6:	01 2f       	mov	r16, r17
      d8:	10 29       	or	r17, r0
      da:	20 29       	or	r18, r0
      dc:	40 2c       	mov	r4, r0

000000de <didr_table_PGM>:
      de:	7d fd 7d fb 7d f7 7d ef 7d df 7e 7f 7e bf 7e df     }.}.}.}.}.~.~.~.
      ee:	7e ef 7e fd 7e fe 7d fe                             ~.~.~.}.

000000f6 <descriptor_list>:
      f6:	00 01 00 00 45 03 12 00 02 00 00 cd 01 96 00 22     ....E.........."
     106:	02 00 f0 02 55 00 21 02 00 21 02 09 00 22 03 00     ....U.!..!..."..
     116:	b8 02 38 00 21 03 00 3a 02 09 00 22 04 00 63 02     ..8.!..:..."..c.
     126:	55 00 21 04 00 53 02 09 00 03 00 00 c9 01 04 01     U.!..S..........
     136:	03 09 04 af 01 18 02 03 09 04 6f 01 3e 03 03 09     ..........o.>...
     146:	04 61 01 0c 04 03 09 04 51 01 0e                    .a......Q..

00000151 <string4>:
     151:	0e 03 53 00 65 00 72 00 69 00 61 00 6c 00 00 00     ..S.e.r.i.a.l...

00000161 <string3>:
     161:	0c 03 31 00 32 00 33 00 34 00 35 00 00 00           ..1.2.3.4.5...

0000016f <string2>:
     16f:	3e 03 53 00 65 00 72 00 69 00 61 00 6c 00 2b 00     >.S.e.r.i.a.l.+.
     17f:	4b 00 65 00 79 00 62 00 6f 00 61 00 72 00 64 00     K.e.y.b.o.a.r.d.
     18f:	2b 00 4d 00 6f 00 75 00 73 00 65 00 2b 00 4a 00     +.M.o.u.s.e.+.J.
     19f:	6f 00 79 00 73 00 74 00 69 00 63 00 6b 00 00 00     o.y.s.t.i.c.k...

000001af <string1>:
     1af:	18 03 54 00 65 00 65 00 6e 00 73 00 79 00 64 00     ..T.e.e.n.s.y.d.
     1bf:	75 00 69 00 6e 00 6f 00 00 00                       u.i.n.o...

000001c9 <string0>:
     1c9:	04 03 09 04                                         ....

000001cd <config1_descriptor>:
     1cd:	09 02 96 00 05 01 00 c0 32 08 0b 00 02 02 02 01     ........2.......
     1dd:	04 09 04 00 00 01 02 02 01 00 05 24 00 10 01 05     ...........$....
     1ed:	24 01 00 01 04 24 02 06 05 24 06 00 01 07 05 82     $....$...$......
     1fd:	03 10 00 40 09 04 01 00 02 0a 00 00 00 07 05 03     ...@............
     20d:	02 40 00 00 07 05 84 02 40 00 00 09 04 02 00 01     .@......@.......
     21d:	03 01 01 00 09 21 11 01 00 01 22 55 00 07 05 81     .....!...."U....
     22d:	03 08 00 01 09 04 03 00 01 03 01 02 00 09 21 11     ..............!.
     23d:	01 00 01 22 38 00 07 05 85 03 08 00 02 09 04 04     ..."8...........
     24d:	00 01 03 00 00 00 09 21 11 01 00 01 22 55 00 07     .......!...."U..
     25d:	05 86 03 0c 00 01                                   ......

00000263 <joystick_hid_report_desc>:
     263:	05 01 09 04 a1 01 15 00 25 01 75 01 95 20 05 09     ........%.u.. ..
     273:	19 01 29 20 81 02 15 00 25 07 35 00 46 3b 01 75     ..) ....%.5.F;.u
     283:	04 95 01 65 14 05 01 09 39 81 42 05 01 09 01 a1     ...e....9.B.....
     293:	00 15 00 26 ff 03 75 0a 95 04 09 30 09 31 09 32     ...&..u....0.1.2
     2a3:	09 35 81 02 c0 15 00 26 ff 03 75 0a 95 02 09 36     .5.....&..u....6
     2b3:	09 36 81 02 c0                                      .6...

000002b8 <mouse_hid_report_desc>:
     2b8:	05 01 09 02 a1 01 05 09 19 01 29 08 15 00 25 01     ..........)...%.
     2c8:	95 08 75 01 81 02 05 01 09 30 09 31 09 38 15 81     ..u......0.1.8..
     2d8:	25 7f 75 08 95 03 81 06 05 0c 0a 38 02 15 81 25     %.u........8...%
     2e8:	7f 75 08 95 01 81 06 c0                             .u......

000002f0 <keyboard_hid_report_desc>:
     2f0:	05 01 09 06 a1 01 75 01 95 08 05 07 19 e0 29 e7     ......u.......).
     300:	15 00 25 01 81 02 95 08 75 01 15 00 25 01 05 0c     ..%.....u...%...
     310:	09 e9 09 ea 09 e2 09 cd 09 b5 09 b6 09 b7 09 b8     ................
     320:	81 02 95 05 75 01 05 08 19 01 29 05 91 02 95 01     ....u.....).....
     330:	75 03 91 03 95 06 75 08 15 00 25 7f 05 07 19 00     u.....u...%.....
     340:	29 7f 81 00 c0                                      )....

00000345 <device_descriptor>:
     345:	12 01 00 02 ef 02 01 40 c0 16 87 04 71 02 01 02     .......@....q...
     355:	03 01                                               ..

00000357 <endpoint_config_table>:
     357:	c1 06 c1 12 80 36 81 36 c1 06 c1 16                 .....6.6....

00000363 <keycodes_ascii>:
     363:	2c 5e 74 60 61 62 64 34 66 67 65 6e 36 2d 37 38     ,^t`abd4fgen6-78
     373:	27 1e 1f 20 21 22 23 24 25 26 73 33 76 2e 77 78     '.. !"#$%&s3v.wx
     383:	5f 44 45 46 47 48 49 4a 4b 4c 4d 4e 4f 50 51 52     _DEFGHIJKLMNOPQR
     393:	53 54 55 56 57 58 59 5a 5b 5c 5d 2f 31 30 63 6d     STUVWXYZ[\]/10cm
     3a3:	35 04 05 06 07 08 09 0a 0b 0c 0d 0e 0f 10 11 12     5...............
     3b3:	13 14 15 16 17 18 19 1a 1b 1c 1d 6f 71 70 75 2a     ...........oqpu*
	...

000003c4 <__ctors_start>:
     3c4:	65 0a       	sbc	r6, r21

000003c6 <__ctors_end>:
     3c6:	11 24       	eor	r1, r1
     3c8:	1f be       	out	0x3f, r1	; 63
     3ca:	cf ef       	ldi	r28, 0xFF	; 255
     3cc:	da e0       	ldi	r29, 0x0A	; 10
     3ce:	de bf       	out	0x3e, r29	; 62
     3d0:	cd bf       	out	0x3d, r28	; 61

000003d2 <__do_copy_data>:
     3d2:	11 e0       	ldi	r17, 0x01	; 1
     3d4:	a0 e0       	ldi	r26, 0x00	; 0
     3d6:	b1 e0       	ldi	r27, 0x01	; 1
     3d8:	e8 e1       	ldi	r30, 0x18	; 24
     3da:	f5 e1       	ldi	r31, 0x15	; 21
     3dc:	02 c0       	rjmp	.+4      	; 0x3e2 <__do_copy_data+0x10>
     3de:	05 90       	lpm	r0, Z+
     3e0:	0d 92       	st	X+, r0
     3e2:	aa 3b       	cpi	r26, 0xBA	; 186
     3e4:	b1 07       	cpc	r27, r17
     3e6:	d9 f7       	brne	.-10     	; 0x3de <__do_copy_data+0xc>

000003e8 <__do_clear_bss>:
     3e8:	21 e0       	ldi	r18, 0x01	; 1
     3ea:	aa eb       	ldi	r26, 0xBA	; 186
     3ec:	b1 e0       	ldi	r27, 0x01	; 1
     3ee:	01 c0       	rjmp	.+2      	; 0x3f2 <.do_clear_bss_start>

000003f0 <.do_clear_bss_loop>:
     3f0:	1d 92       	st	X+, r1

000003f2 <.do_clear_bss_start>:
     3f2:	a8 3d       	cpi	r26, 0xD8	; 216
     3f4:	b2 07       	cpc	r27, r18
     3f6:	e1 f7       	brne	.-8      	; 0x3f0 <.do_clear_bss_loop>

000003f8 <__do_global_ctors>:
     3f8:	11 e0       	ldi	r17, 0x01	; 1
     3fa:	c3 ee       	ldi	r28, 0xE3	; 227
     3fc:	d1 e0       	ldi	r29, 0x01	; 1
     3fe:	04 c0       	rjmp	.+8      	; 0x408 <__LOCK_REGION_LENGTH__+0x8>
     400:	21 97       	sbiw	r28, 0x01	; 1
     402:	fe 01       	movw	r30, r28
     404:	0e 94 84 0a 	call	0x1508	; 0x1508 <__tablejump2__>
     408:	c2 3e       	cpi	r28, 0xE2	; 226
     40a:	d1 07       	cpc	r29, r17
     40c:	c9 f7       	brne	.-14     	; 0x400 <__LOCK_REGION_LENGTH__>
     40e:	34 d1       	rcall	.+616    	; 0x678 <main>
     410:	0c 94 8a 0a 	jmp	0x1514	; 0x1514 <_exit>

00000414 <__bad_interrupt>:
     414:	f5 cd       	rjmp	.-1046   	; 0x0 <__vectors>

00000416 <Print::write(char const*)>:
  }
}

bool isModifier(uint16_t kc) {
  return (kc >= MODIFIERKEY_CTRL && kc <= MODIFIERKEY_RIGHT_GUI);
}
     416:	fb 01       	movw	r30, r22
     418:	01 90       	ld	r0, Z+
     41a:	00 20       	and	r0, r0
     41c:	e9 f7       	brne	.-6      	; 0x418 <Print::write(char const*)+0x2>
     41e:	31 97       	sbiw	r30, 0x01	; 1
     420:	af 01       	movw	r20, r30
     422:	46 1b       	sub	r20, r22
     424:	57 0b       	sbc	r21, r23
     426:	dc 01       	movw	r26, r24
     428:	ed 91       	ld	r30, X+
     42a:	fc 91       	ld	r31, X
     42c:	02 80       	ldd	r0, Z+2	; 0x02
     42e:	f3 81       	ldd	r31, Z+3	; 0x03
     430:	e0 2d       	mov	r30, r0
     432:	09 94       	ijmp

00000434 <Print::println(char const*)>:
     434:	0f 93       	push	r16
     436:	1f 93       	push	r17
     438:	cf 93       	push	r28
     43a:	df 93       	push	r29
     43c:	ec 01       	movw	r28, r24
     43e:	eb df       	rcall	.-42     	; 0x416 <Print::write(char const*)>
     440:	8c 01       	movw	r16, r24
     442:	ce 01       	movw	r24, r28
     444:	ff d0       	rcall	.+510    	; 0x644 <Print::println()>
     446:	80 0f       	add	r24, r16
     448:	91 1f       	adc	r25, r17
     44a:	df 91       	pop	r29
     44c:	cf 91       	pop	r28
     44e:	1f 91       	pop	r17
     450:	0f 91       	pop	r16
     452:	08 95       	ret

00000454 <pressKey(unsigned int)>:
     454:	bc 01       	movw	r22, r24
     456:	81 50       	subi	r24, 0x01	; 1
     458:	90 4e       	sbci	r25, 0xE0	; 224
     45a:	80 38       	cpi	r24, 0x80	; 128
     45c:	91 05       	cpc	r25, r1
     45e:	30 f4       	brcc	.+12     	; 0x46c <pressKey(unsigned int)+0x18>
     460:	88 ec       	ldi	r24, 0xC8	; 200
     462:	91 e0       	ldi	r25, 0x01	; 1
     464:	82 d7       	rcall	.+3844   	; 0x136a <usb_keyboard_class::set_modifier(unsigned int)>
     466:	88 ec       	ldi	r24, 0xC8	; 200
     468:	91 e0       	ldi	r25, 0x01	; 1
     46a:	85 c7       	rjmp	.+3850   	; 0x1376 <usb_keyboard_class::send_now()>
     46c:	88 ec       	ldi	r24, 0xC8	; 200
     46e:	91 e0       	ldi	r25, 0x01	; 1
     470:	7f d7       	rcall	.+3838   	; 0x1370 <usb_keyboard_class::set_key1(unsigned char)>
     472:	f9 cf       	rjmp	.-14     	; 0x466 <pressKey(unsigned int)+0x12>

00000474 <releaseKey()>:

void releaseKey() {
  Keyboard.set_key1(0);
     474:	60 e0       	ldi	r22, 0x00	; 0
     476:	88 ec       	ldi	r24, 0xC8	; 200
     478:	91 e0       	ldi	r25, 0x01	; 1
     47a:	7a d7       	rcall	.+3828   	; 0x1370 <usb_keyboard_class::set_key1(unsigned char)>
  Keyboard.send_now();
     47c:	88 ec       	ldi	r24, 0xC8	; 200
     47e:	91 e0       	ldi	r25, 0x01	; 1
     480:	7a c7       	rjmp	.+3828   	; 0x1376 <usb_keyboard_class::send_now()>

00000482 <executeMacro()>:
}

void executeMacro() {
  Serial.println("Running macro!");
     482:	61 e3       	ldi	r22, 0x31	; 49
     484:	71 e0       	ldi	r23, 0x01	; 1
     486:	8e ec       	ldi	r24, 0xCE	; 206
     488:	91 e0       	ldi	r25, 0x01	; 1
     48a:	d4 df       	rcall	.-88     	; 0x434 <Print::println(char const*)>
  uint8_t hid = KEY_HOME & 0xFF;
  // Example macro: CTRL + ALT + HOME
  Keyboard.set_modifier(MODIFIERKEY_CTRL | MODIFIERKEY_ALT);
     48c:	65 e0       	ldi	r22, 0x05	; 5
     48e:	70 ee       	ldi	r23, 0xE0	; 224
     490:	88 ec       	ldi	r24, 0xC8	; 200
     492:	91 e0       	ldi	r25, 0x01	; 1
     494:	6a d7       	rcall	.+3796   	; 0x136a <usb_keyboard_class::set_modifier(unsigned int)>
  Keyboard.set_key1(hid);
     496:	6a e4       	ldi	r22, 0x4A	; 74
     498:	88 ec       	ldi	r24, 0xC8	; 200
     49a:	91 e0       	ldi	r25, 0x01	; 1
     49c:	69 d7       	rcall	.+3794   	; 0x1370 <usb_keyboard_class::set_key1(unsigned char)>
  Keyboard.send_now();
     49e:	88 ec       	ldi	r24, 0xC8	; 200
     4a0:	91 e0       	ldi	r25, 0x01	; 1
     4a2:	69 d7       	rcall	.+3794   	; 0x1376 <usb_keyboard_class::send_now()>
     4a4:	62 e3       	ldi	r22, 0x32	; 50

  delay(50);
     4a6:	70 e0       	ldi	r23, 0x00	; 0
     4a8:	80 e0       	ldi	r24, 0x00	; 0
     4aa:	90 e0       	ldi	r25, 0x00	; 0
     4ac:	3a d2       	rcall	.+1140   	; 0x922 <delay>
     4ae:	70 e0       	ldi	r23, 0x00	; 0

  // Release
  Keyboard.set_modifier(0);
     4b0:	60 e0       	ldi	r22, 0x00	; 0
     4b2:	88 ec       	ldi	r24, 0xC8	; 200
     4b4:	91 e0       	ldi	r25, 0x01	; 1
     4b6:	59 d7       	rcall	.+3762   	; 0x136a <usb_keyboard_class::set_modifier(unsigned int)>
     4b8:	60 e0       	ldi	r22, 0x00	; 0
  Keyboard.set_key1(0);
     4ba:	88 ec       	ldi	r24, 0xC8	; 200
     4bc:	91 e0       	ldi	r25, 0x01	; 1
     4be:	58 d7       	rcall	.+3760   	; 0x1370 <usb_keyboard_class::set_key1(unsigned char)>
     4c0:	88 ec       	ldi	r24, 0xC8	; 200
  Keyboard.send_now();
     4c2:	91 e0       	ldi	r25, 0x01	; 1
     4c4:	58 c7       	rjmp	.+3760   	; 0x1376 <usb_keyboard_class::send_now()>

000004c6 <checkButton(Button&)>:
     4c6:	0f 93       	push	r16
     4c8:	1f 93       	push	r17
}

// ------------------------------------------------------------
// Check button with debounce + HID action
// ------------------------------------------------------------
void checkButton(Button& btn) {
     4ca:	cf 93       	push	r28
     4cc:	df 93       	push	r29
     4ce:	ec 01       	movw	r28, r24
		#endif
		  else {
			return 0;
		}
	} else {
		uint16_t tmp = (pin);
     4d0:	e8 81       	ld	r30, Y
     4d2:	f0 e0       	ldi	r31, 0x00	; 0
		asm volatile(
			"call _digitalRead"
			: "+z" (tmp)
			:);
     4d4:	4e d1       	rcall	.+668    	; 0x772 <_digitalRead>
  int reading = digitalRead(btn.pin);
     4d6:	ff 27       	eor	r31, r31

  // If raw reading changed, reset debounce timer
  if (reading != btn.rawState) {
     4d8:	8e 81       	ldd	r24, Y+6	; 0x06
     4da:	9f 81       	ldd	r25, Y+7	; 0x07
     4dc:	8e 17       	cp	r24, r30
     4de:	9f 07       	cpc	r25, r31
     4e0:	89 f0       	breq	.+34     	; 0x504 <checkButton(Button&)+0x3e>
    btn.rawState = reading;
     4e2:	ff 83       	std	Y+7, r31	; 0x07
     4e4:	ee 83       	std	Y+6, r30	; 0x06
		"lds	%B0, timer0_millis_count+1"	"\n\t"
		"lds	%C0, timer0_millis_count+2"	"\n\t"
		"lds	%D0, timer0_millis_count+3"	"\n\t"
		"out	__SREG__, __tmp_reg__"
		: "=r" (out) : : "r0"
	);
     4e6:	0f b6       	in	r0, 0x3f	; 63
     4e8:	f8 94       	cli
     4ea:	40 91 bb 01 	lds	r20, 0x01BB	; 0x8001bb <timer0_millis_count>
     4ee:	50 91 bc 01 	lds	r21, 0x01BC	; 0x8001bc <timer0_millis_count+0x1>
     4f2:	60 91 bd 01 	lds	r22, 0x01BD	; 0x8001bd <timer0_millis_count+0x2>
     4f6:	70 91 be 01 	lds	r23, 0x01BE	; 0x8001be <timer0_millis_count+0x3>
     4fa:	0f be       	out	0x3f, r0	; 63
    btn.lastChangeTime = millis();
     4fc:	48 87       	std	Y+8, r20	; 0x08
     4fe:	59 87       	std	Y+9, r21	; 0x09
     500:	6a 87       	std	Y+10, r22	; 0x0a
     502:	7b 87       	std	Y+11, r23	; 0x0b
     504:	0f b6       	in	r0, 0x3f	; 63
     506:	f8 94       	cli
     508:	40 91 bb 01 	lds	r20, 0x01BB	; 0x8001bb <timer0_millis_count>
     50c:	50 91 bc 01 	lds	r21, 0x01BC	; 0x8001bc <timer0_millis_count+0x1>
     510:	60 91 bd 01 	lds	r22, 0x01BD	; 0x8001bd <timer0_millis_count+0x2>
     514:	70 91 be 01 	lds	r23, 0x01BE	; 0x8001be <timer0_millis_count+0x3>
     518:	0f be       	out	0x3f, r0	; 63
  }

  // If stable for long enough, accept new state
  if (millis() - btn.lastChangeTime > DEBOUNCE_DELAY) {
     51a:	08 85       	ldd	r16, Y+8	; 0x08
     51c:	19 85       	ldd	r17, Y+9	; 0x09
     51e:	2a 85       	ldd	r18, Y+10	; 0x0a
     520:	3b 85       	ldd	r19, Y+11	; 0x0b
     522:	40 1b       	sub	r20, r16
     524:	51 0b       	sbc	r21, r17
     526:	62 0b       	sbc	r22, r18
     528:	73 0b       	sbc	r23, r19
     52a:	43 33       	cpi	r20, 0x33	; 51
     52c:	51 05       	cpc	r21, r1
     52e:	61 05       	cpc	r22, r1
     530:	71 05       	cpc	r23, r1
     532:	08 f4       	brcc	.+2      	; 0x536 <checkButton(Button&)+0x70>
     534:	38 c0       	rjmp	.+112    	; 0x5a6 <checkButton(Button&)+0xe0>
    if (reading != btn.stableState) {
     536:	8c 81       	ldd	r24, Y+4	; 0x04
     538:	9d 81       	ldd	r25, Y+5	; 0x05
     53a:	8e 17       	cp	r24, r30
     53c:	9f 07       	cpc	r25, r31
     53e:	99 f1       	breq	.+102    	; 0x5a6 <checkButton(Button&)+0xe0>
      btn.stableState = reading;
     540:	fd 83       	std	Y+5, r31	; 0x05
     542:	ec 83       	std	Y+4, r30	; 0x04
     544:	6c 85       	ldd	r22, Y+12	; 0x0c
     546:	7d 85       	ldd	r23, Y+13	; 0x0d
	virtual int availableForWrite(void)		{ return 0; }
	virtual void flush()				{ }
	size_t write(const char *buffer, size_t size)   { return write((const uint8_t *)buffer, size); }
	size_t print(const String &s);
	size_t print(char c)				{ return write((uint8_t)c); }
	size_t print(const char s[])			{ return write(s); }
     548:	8e ec       	ldi	r24, 0xCE	; 206
     54a:	91 e0       	ldi	r25, 0x01	; 1

      if (reading == LOW) {
     54c:	ef 2b       	or	r30, r31
     54e:	09 f5       	brne	.+66     	; 0x592 <checkButton(Button&)+0xcc>
     550:	62 df       	rcall	.-316    	; 0x416 <Print::write(char const*)>
        // Button pressed
        Serial.print(btn.name);
        Serial.println(" pressed");
     552:	60 e4       	ldi	r22, 0x40	; 64
     554:	71 e0       	ldi	r23, 0x01	; 1
     556:	8e ec       	ldi	r24, 0xCE	; 206
     558:	91 e0       	ldi	r25, 0x01	; 1
     55a:	6c df       	rcall	.-296    	; 0x434 <Print::println(char const*)>

        if (btn.holdKey) {
     55c:	8b 81       	ldd	r24, Y+3	; 0x03
     55e:	88 23       	and	r24, r24
          // Press & hold until button release
          pressKey(btn.key);
     560:	99 f0       	breq	.+38     	; 0x588 <checkButton(Button&)+0xc2>
     562:	89 81       	ldd	r24, Y+1	; 0x01
     564:	9a 81       	ldd	r25, Y+2	; 0x02
		#endif
		  else {
			return 0;
		}
	} else {
		uint16_t tmp = (pin);
     566:	76 df       	rcall	.-276    	; 0x454 <pressKey(unsigned int)>
     568:	e8 81       	ld	r30, Y
		asm volatile(
			"call _digitalRead"
			: "+z" (tmp)
			:);
     56a:	f0 e0       	ldi	r31, 0x00	; 0
     56c:	02 d1       	rcall	.+516    	; 0x772 <_digitalRead>

          // Wait for release
          while (digitalRead(btn.pin) == LOW) {
     56e:	e1 11       	cpse	r30, r1
            delay(5);
     570:	06 c0       	rjmp	.+12     	; 0x57e <checkButton(Button&)+0xb8>
     572:	65 e0       	ldi	r22, 0x05	; 5
     574:	70 e0       	ldi	r23, 0x00	; 0
     576:	80 e0       	ldi	r24, 0x00	; 0
     578:	90 e0       	ldi	r25, 0x00	; 0
        if (btn.holdKey) {
          // Press & hold until button release
          pressKey(btn.key);

          // Wait for release
          while (digitalRead(btn.pin) == LOW) {
     57a:	d3 d1       	rcall	.+934    	; 0x922 <delay>
        Serial.print(btn.name);
        Serial.println(" released");
      }
    }
  }
}
     57c:	f5 cf       	rjmp	.-22     	; 0x568 <checkButton(Button&)+0xa2>
     57e:	df 91       	pop	r29
     580:	cf 91       	pop	r28
          // Wait for release
          while (digitalRead(btn.pin) == LOW) {
            delay(5);
          }

          releaseKey();
     582:	1f 91       	pop	r17
        Serial.print(btn.name);
        Serial.println(" released");
      }
    }
  }
}
     584:	0f 91       	pop	r16
     586:	76 cf       	rjmp	.-276    	; 0x474 <releaseKey()>
     588:	df 91       	pop	r29
     58a:	cf 91       	pop	r28
            delay(5);
          }

          releaseKey();
        } else {
          executeMacro();
     58c:	1f 91       	pop	r17
     58e:	0f 91       	pop	r16
     590:	78 cf       	rjmp	.-272    	; 0x482 <executeMacro()>
        }

      } else {
        // Button released (good for debug)
        Serial.print(btn.name);
        Serial.println(" released");
     592:	41 df       	rcall	.-382    	; 0x416 <Print::write(char const*)>
     594:	69 e4       	ldi	r22, 0x49	; 73
     596:	71 e0       	ldi	r23, 0x01	; 1
     598:	8e ec       	ldi	r24, 0xCE	; 206
      }
    }
  }
}
     59a:	91 e0       	ldi	r25, 0x01	; 1
     59c:	df 91       	pop	r29
     59e:	cf 91       	pop	r28
     5a0:	1f 91       	pop	r17
        }

      } else {
        // Button released (good for debug)
        Serial.print(btn.name);
        Serial.println(" released");
     5a2:	0f 91       	pop	r16
     5a4:	47 cf       	rjmp	.-370    	; 0x434 <Print::println(char const*)>
      }
    }
  }
}
     5a6:	df 91       	pop	r29
     5a8:	cf 91       	pop	r28
     5aa:	1f 91       	pop	r17
     5ac:	0f 91       	pop	r16
     5ae:	08 95       	ret

000005b0 <setup>:

// ------------------------------------------------------------
// Setup
// ------------------------------------------------------------
void setup() {
  Serial.begin(9600);
     5b0:	40 e8       	ldi	r20, 0x80	; 128
     5b2:	55 e2       	ldi	r21, 0x25	; 37
     5b4:	60 e0       	ldi	r22, 0x00	; 0
     5b6:	70 e0       	ldi	r23, 0x00	; 0
     5b8:	8e ec       	ldi	r24, 0xCE	; 206
     5ba:	91 e0       	ldi	r25, 0x01	; 1
     5bc:	6e d6       	rcall	.+3292   	; 0x129a <usb_serial_class::begin(long)>
  Serial.println("Teensy keyboard online.");
     5be:	63 e5       	ldi	r22, 0x53	; 83
     5c0:	71 e0       	ldi	r23, 0x01	; 1
     5c2:	8e ec       	ldi	r24, 0xCE	; 206
     5c4:	91 e0       	ldi	r25, 0x01	; 1
     5c6:	36 df       	rcall	.-404    	; 0x434 <Print::println(char const*)>
		#endif
	} else if (__builtin_constant_p(mode)) {
		if (mode == OUTPUT) {
			_pinMode_output(pin);
		} else if (mode == INPUT_PULLUP) {
			_pinMode_input_pullup(pin);
     5c8:	80 91 1c 01 	lds	r24, 0x011C	; 0x80011c <blue>
     5cc:	a9 d0       	rcall	.+338    	; 0x720 <_pinMode_input_pullup>
     5ce:	80 91 0e 01 	lds	r24, 0x010E	; 0x80010e <purple>
     5d2:	a6 d0       	rcall	.+332    	; 0x720 <_pinMode_input_pullup>
     5d4:	80 91 00 01 	lds	r24, 0x0100	; 0x800100 <__data_start>
     5d8:	a3 c0       	rjmp	.+326    	; 0x720 <_pinMode_input_pullup>

000005da <loop>:

// ------------------------------------------------------------
// Main loop
// ------------------------------------------------------------
void loop() {
  checkButton(blue);
     5da:	8c e1       	ldi	r24, 0x1C	; 28
     5dc:	91 e0       	ldi	r25, 0x01	; 1
     5de:	73 df       	rcall	.-282    	; 0x4c6 <checkButton(Button&)>
  checkButton(purple);
     5e0:	8e e0       	ldi	r24, 0x0E	; 14
     5e2:	91 e0       	ldi	r25, 0x01	; 1
     5e4:	70 df       	rcall	.-288    	; 0x4c6 <checkButton(Button&)>
  checkButton(black);
     5e6:	80 e0       	ldi	r24, 0x00	; 0
     5e8:	91 e0       	ldi	r25, 0x01	; 1
     5ea:	6d cf       	rjmp	.-294    	; 0x4c6 <checkButton(Button&)>

000005ec <Print::availableForWrite()>:
		p += nbytes;
		len -= nbytes;
		count += write(buffer, nbytes);
	}
	return count;
}
     5ec:	90 e0       	ldi	r25, 0x00	; 0
     5ee:	80 e0       	ldi	r24, 0x00	; 0
     5f0:	08 95       	ret

000005f2 <Print::flush()>:
     5f2:	08 95       	ret

000005f4 <Print::write(unsigned char const*, unsigned int)>:
     5f4:	cf 92       	push	r12
     5f6:	df 92       	push	r13
     5f8:	ef 92       	push	r14
     5fa:	ff 92       	push	r15
     5fc:	0f 93       	push	r16
     5fe:	1f 93       	push	r17
     600:	cf 93       	push	r28
     602:	df 93       	push	r29
     604:	6c 01       	movw	r12, r24
     606:	eb 01       	movw	r28, r22
     608:	7b 01       	movw	r14, r22
     60a:	e4 0e       	add	r14, r20
     60c:	f5 1e       	adc	r15, r21
     60e:	10 e0       	ldi	r17, 0x00	; 0
     610:	00 e0       	ldi	r16, 0x00	; 0
     612:	ce 15       	cp	r28, r14
     614:	df 05       	cpc	r29, r15
     616:	61 f0       	breq	.+24     	; 0x630 <Print::write(unsigned char const*, unsigned int)+0x3c>
     618:	69 91       	ld	r22, Y+
     61a:	d6 01       	movw	r26, r12
     61c:	ed 91       	ld	r30, X+
     61e:	fc 91       	ld	r31, X
     620:	01 90       	ld	r0, Z+
     622:	f0 81       	ld	r31, Z
     624:	e0 2d       	mov	r30, r0
     626:	c6 01       	movw	r24, r12
     628:	09 95       	icall
     62a:	08 0f       	add	r16, r24
     62c:	19 1f       	adc	r17, r25
     62e:	f1 cf       	rjmp	.-30     	; 0x612 <Print::write(unsigned char const*, unsigned int)+0x1e>
     630:	c8 01       	movw	r24, r16
     632:	df 91       	pop	r29
     634:	cf 91       	pop	r28
     636:	1f 91       	pop	r17
     638:	0f 91       	pop	r16
     63a:	ff 90       	pop	r15
     63c:	ef 90       	pop	r14
     63e:	df 90       	pop	r13
     640:	cf 90       	pop	r12
     642:	08 95       	ret

00000644 <Print::println()>:
	}
	return printNumber(n, sign, 10);
}

size_t Print::println(void)
{
     644:	cf 93       	push	r28
     646:	df 93       	push	r29
     648:	00 d0       	rcall	.+0      	; 0x64a <Print::println()+0x6>
     64a:	cd b7       	in	r28, 0x3d	; 61
     64c:	de b7       	in	r29, 0x3e	; 62
	uint8_t buf[2]={'\r', '\n'};
     64e:	2d e0       	ldi	r18, 0x0D	; 13
     650:	29 83       	std	Y+1, r18	; 0x01
     652:	2a e0       	ldi	r18, 0x0A	; 10
     654:	2a 83       	std	Y+2, r18	; 0x02
	return write(buf, 2);
     656:	dc 01       	movw	r26, r24
     658:	ed 91       	ld	r30, X+
     65a:	fc 91       	ld	r31, X
     65c:	02 80       	ldd	r0, Z+2	; 0x02
     65e:	f3 81       	ldd	r31, Z+3	; 0x03
     660:	e0 2d       	mov	r30, r0
     662:	42 e0       	ldi	r20, 0x02	; 2
     664:	50 e0       	ldi	r21, 0x00	; 0
     666:	be 01       	movw	r22, r28
     668:	6f 5f       	subi	r22, 0xFF	; 255
     66a:	7f 4f       	sbci	r23, 0xFF	; 255
     66c:	09 95       	icall
}
     66e:	0f 90       	pop	r0
     670:	0f 90       	pop	r0
     672:	df 91       	pop	r29
     674:	cf 91       	pop	r28
     676:	08 95       	ret

00000678 <main>:
#include <WProgram.h>

//int main(void) __attribute__((noreturn));
int main(void)
{
	_init_Teensyduino_internal_();
     678:	24 d0       	rcall	.+72     	; 0x6c2 <_init_Teensyduino_internal_>

	setup();
     67a:	9a df       	rcall	.-204    	; 0x5b0 <setup>
    
	while (1) {
		loop();
     67c:	ae df       	rcall	.-164    	; 0x5da <loop>
     67e:	fe cf       	rjmp	.-4      	; 0x67c <main+0x4>

00000680 <disable_peripherals>:
     680:	1d ba       	out	0x1d, r1	; 29
uint8_t _shiftIn(uint8_t dataPin, uint8_t clockPin, uint8_t bitOrder)
{
	if (bitOrder == LSBFIRST) {
		return shiftIn_lsbFirst(dataPin, clockPin);
	} else {
		return shiftIn_msbFirst(dataPin, clockPin);
     682:	10 92 68 00 	sts	0x0068, r1	; 0x800068 <__DATA_REGION_ORIGIN__+0x8>
     686:	1c bc       	out	0x2c, r1	; 44
     688:	10 be       	out	0x30, r1	; 48
     68a:	1f ba       	out	0x1f, r1	; 31
     68c:	10 92 7a 00 	sts	0x007A, r1	; 0x80007a <__DATA_REGION_ORIGIN__+0x1a>
     690:	10 92 6e 00 	sts	0x006E, r1	; 0x80006e <__DATA_REGION_ORIGIN__+0xe>
     694:	10 92 6f 00 	sts	0x006F, r1	; 0x80006f <__DATA_REGION_ORIGIN__+0xf>
     698:	10 92 71 00 	sts	0x0071, r1	; 0x800071 <__DATA_REGION_ORIGIN__+0x11>
     69c:	10 92 72 00 	sts	0x0072, r1	; 0x800072 <__DATA_REGION_ORIGIN__+0x12>
     6a0:	10 92 c9 00 	sts	0x00C9, r1	; 0x8000c9 <__DATA_REGION_ORIGIN__+0x69>
     6a4:	ec eb       	ldi	r30, 0xBC	; 188
     6a6:	f0 e0       	ldi	r31, 0x00	; 0
     6a8:	10 82       	st	Z, r1
     6aa:	14 b8       	out	0x04, r1	; 4
     6ac:	17 b8       	out	0x07, r1	; 7
     6ae:	1a b8       	out	0x0a, r1	; 10
     6b0:	1d b8       	out	0x0d, r1	; 13
     6b2:	10 ba       	out	0x10, r1	; 16
     6b4:	10 82       	st	Z, r1
     6b6:	15 b8       	out	0x05, r1	; 5
     6b8:	18 b8       	out	0x08, r1	; 8
     6ba:	1b b8       	out	0x0b, r1	; 11
     6bc:	1e b8       	out	0x0e, r1	; 14
     6be:	11 ba       	out	0x11, r1	; 17
     6c0:	08 95       	ret

000006c2 <_init_Teensyduino_internal_>:
     6c2:	f8 94       	cli
     6c4:	e1 e6       	ldi	r30, 0x61	; 97
     6c6:	f0 e0       	ldi	r31, 0x00	; 0
     6c8:	20 e8       	ldi	r18, 0x80	; 128
     6ca:	20 83       	st	Z, r18
     6cc:	10 82       	st	Z, r1
     6ce:	83 e0       	ldi	r24, 0x03	; 3
     6d0:	84 bd       	out	0x24, r24	; 36
     6d2:	85 bd       	out	0x25, r24	; 37
     6d4:	ee e6       	ldi	r30, 0x6E	; 110
     6d6:	f0 e0       	ldi	r31, 0x00	; 0
     6d8:	80 81       	ld	r24, Z
     6da:	81 60       	ori	r24, 0x01	; 1
     6dc:	80 83       	st	Z, r24
     6de:	81 e0       	ldi	r24, 0x01	; 1
     6e0:	80 93 80 00 	sts	0x0080, r24	; 0x800080 <__DATA_REGION_ORIGIN__+0x20>
     6e4:	92 e0       	ldi	r25, 0x02	; 2
     6e6:	90 93 81 00 	sts	0x0081, r25	; 0x800081 <__DATA_REGION_ORIGIN__+0x21>
     6ea:	80 93 90 00 	sts	0x0090, r24	; 0x800090 <__DATA_REGION_ORIGIN__+0x30>
     6ee:	90 93 91 00 	sts	0x0091, r25	; 0x800091 <__DATA_REGION_ORIGIN__+0x31>
     6f2:	90 93 c0 00 	sts	0x00C0, r25	; 0x8000c0 <__DATA_REGION_ORIGIN__+0x60>
     6f6:	94 e0       	ldi	r25, 0x04	; 4
     6f8:	90 93 c1 00 	sts	0x00C1, r25	; 0x8000c1 <__DATA_REGION_ORIGIN__+0x61>
     6fc:	80 93 c2 00 	sts	0x00C2, r24	; 0x8000c2 <__DATA_REGION_ORIGIN__+0x62>
     700:	80 93 c3 00 	sts	0x00C3, r24	; 0x8000c3 <__DATA_REGION_ORIGIN__+0x63>
     704:	10 92 c4 00 	sts	0x00C4, r1	; 0x8000c4 <__DATA_REGION_ORIGIN__+0x64>
     708:	86 e8       	ldi	r24, 0x86	; 134
     70a:	80 93 7a 00 	sts	0x007A, r24	; 0x80007a <__DATA_REGION_ORIGIN__+0x1a>
     70e:	20 93 7b 00 	sts	0x007B, r18	; 0x80007b <__DATA_REGION_ORIGIN__+0x1b>
     712:	10 92 7e 00 	sts	0x007E, r1	; 0x80007e <__DATA_REGION_ORIGIN__+0x1e>
     716:	10 92 7d 00 	sts	0x007D, r1	; 0x80007d <__DATA_REGION_ORIGIN__+0x1d>
     71a:	42 d1       	rcall	.+644    	; 0x9a0 <usb_init>
     71c:	78 94       	sei
     71e:	08 95       	ret

00000720 <_pinMode_input_pullup>:
     720:	89 31       	cpi	r24, 0x19	; 25
     722:	10 f5       	brcc	.+68     	; 0x768 <_pinMode_input_pullup+0x48>
     724:	a5 ef       	ldi	r26, 0xF5	; 245
     726:	a8 0f       	add	r26, r24
     728:	ac 30       	cpi	r26, 0x0C	; 12
     72a:	f8 f4       	brcc	.+62     	; 0x76a <_pinMode_input_pullup+0x4a>
     72c:	ee ed       	ldi	r30, 0xDE	; 222
     72e:	f0 e0       	ldi	r31, 0x00	; 0
     730:	aa 0f       	add	r26, r26
     732:	ea 0f       	add	r30, r26
     734:	f1 1d       	adc	r31, r1
     736:	a5 91       	lpm	r26, Z+
     738:	b0 e0       	ldi	r27, 0x00	; 0
     73a:	95 91       	lpm	r25, Z+
     73c:	ec ea       	ldi	r30, 0xAC	; 172
     73e:	f0 e0       	ldi	r31, 0x00	; 0
     740:	88 0f       	add	r24, r24
     742:	e8 0f       	add	r30, r24
     744:	f1 1d       	adc	r31, r1
     746:	35 91       	lpm	r19, Z+
     748:	e4 91       	lpm	r30, Z
     74a:	f0 e0       	ldi	r31, 0x00	; 0
     74c:	4f b7       	in	r20, 0x3f	; 63
     74e:	f8 94       	cli
     750:	81 81       	ldd	r24, Z+1	; 0x01
     752:	23 2f       	mov	r18, r19
     754:	20 95       	com	r18
     756:	28 23       	and	r18, r24
     758:	21 83       	std	Z+1, r18	; 0x01
     75a:	82 81       	ldd	r24, Z+2	; 0x02
     75c:	83 2b       	or	r24, r19
     75e:	82 83       	std	Z+2, r24	; 0x02
     760:	ec 91       	ld	r30, X
     762:	9e 23       	and	r25, r30
     764:	9c 93       	st	X, r25
     766:	4f bf       	out	0x3f, r20	; 63
     768:	08 95       	ret
     76a:	9f ef       	ldi	r25, 0xFF	; 255
     76c:	b0 e0       	ldi	r27, 0x00	; 0
     76e:	a0 e0       	ldi	r26, 0x00	; 0
     770:	e5 cf       	rjmp	.-54     	; 0x73c <_pinMode_input_pullup+0x1c>

00000772 <_digitalRead>:
     772:	e9 31       	cpi	r30, 0x19	; 25
     774:	30 f4       	brcc	.+12     	; 0x782 <_digitalRead_false>
     776:	ee 0f       	add	r30, r30
     778:	ee 0f       	add	r30, r30
     77a:	ff 27       	eor	r31, r31
     77c:	eb 53       	subi	r30, 0x3B	; 59
     77e:	fc 4f       	sbci	r31, 0xFC	; 252
     780:	09 94       	ijmp

00000782 <_digitalRead_false>:
     782:	ee 27       	eor	r30, r30
     784:	08 95       	ret

00000786 <_digitalRead_true>:
     786:	e1 e0       	ldi	r30, 0x01	; 1
     788:	08 95       	ret

0000078a <_digitalRead_TABLE>:
     78a:	e3 b1       	in	r30, 0x03	; 3
     78c:	e1 70       	andi	r30, 0x01	; 1
     78e:	d9 f7       	brne	.-10     	; 0x786 <_digitalRead_true>
     790:	08 95       	ret
     792:	e3 b1       	in	r30, 0x03	; 3
     794:	e2 70       	andi	r30, 0x02	; 2
     796:	b9 f7       	brne	.-18     	; 0x786 <_digitalRead_true>
     798:	08 95       	ret
     79a:	e3 b1       	in	r30, 0x03	; 3
     79c:	e4 70       	andi	r30, 0x04	; 4
     79e:	99 f7       	brne	.-26     	; 0x786 <_digitalRead_true>
     7a0:	08 95       	ret
     7a2:	e3 b1       	in	r30, 0x03	; 3
     7a4:	e8 70       	andi	r30, 0x08	; 8
     7a6:	79 f7       	brne	.-34     	; 0x786 <_digitalRead_true>
     7a8:	08 95       	ret
     7aa:	e3 b1       	in	r30, 0x03	; 3
     7ac:	e0 78       	andi	r30, 0x80	; 128
     7ae:	59 f7       	brne	.-42     	; 0x786 <_digitalRead_true>
     7b0:	08 95       	ret
     7b2:	e9 b1       	in	r30, 0x09	; 9
     7b4:	e1 70       	andi	r30, 0x01	; 1
     7b6:	39 f7       	brne	.-50     	; 0x786 <_digitalRead_true>
     7b8:	08 95       	ret
     7ba:	e9 b1       	in	r30, 0x09	; 9
     7bc:	e2 70       	andi	r30, 0x02	; 2
     7be:	19 f7       	brne	.-58     	; 0x786 <_digitalRead_true>
     7c0:	08 95       	ret
     7c2:	e9 b1       	in	r30, 0x09	; 9
     7c4:	e4 70       	andi	r30, 0x04	; 4
     7c6:	f9 f6       	brne	.-66     	; 0x786 <_digitalRead_true>
     7c8:	08 95       	ret
     7ca:	e9 b1       	in	r30, 0x09	; 9
     7cc:	e8 70       	andi	r30, 0x08	; 8
     7ce:	d9 f6       	brne	.-74     	; 0x786 <_digitalRead_true>
     7d0:	08 95       	ret
     7d2:	e6 b1       	in	r30, 0x06	; 6
     7d4:	e0 74       	andi	r30, 0x40	; 64
     7d6:	b9 f6       	brne	.-82     	; 0x786 <_digitalRead_true>
     7d8:	08 95       	ret
     7da:	e6 b1       	in	r30, 0x06	; 6
     7dc:	e0 78       	andi	r30, 0x80	; 128
     7de:	99 f6       	brne	.-90     	; 0x786 <_digitalRead_true>
     7e0:	08 95       	ret
     7e2:	e9 b1       	in	r30, 0x09	; 9
     7e4:	e0 74       	andi	r30, 0x40	; 64
     7e6:	79 f6       	brne	.-98     	; 0x786 <_digitalRead_true>
     7e8:	08 95       	ret
     7ea:	e9 b1       	in	r30, 0x09	; 9
     7ec:	e0 78       	andi	r30, 0x80	; 128
     7ee:	59 f6       	brne	.-106    	; 0x786 <_digitalRead_true>
     7f0:	08 95       	ret
     7f2:	e3 b1       	in	r30, 0x03	; 3
     7f4:	e0 71       	andi	r30, 0x10	; 16
     7f6:	39 f6       	brne	.-114    	; 0x786 <_digitalRead_true>
     7f8:	08 95       	ret
     7fa:	e3 b1       	in	r30, 0x03	; 3
     7fc:	e0 72       	andi	r30, 0x20	; 32
     7fe:	19 f6       	brne	.-122    	; 0x786 <_digitalRead_true>
     800:	08 95       	ret
     802:	e3 b1       	in	r30, 0x03	; 3
     804:	e0 74       	andi	r30, 0x40	; 64
     806:	29 f5       	brne	.+74     	; 0x852 <_digitalRead_true2>
     808:	08 95       	ret
     80a:	ef b1       	in	r30, 0x0f	; 15
     80c:	e0 78       	andi	r30, 0x80	; 128
     80e:	09 f5       	brne	.+66     	; 0x852 <_digitalRead_true2>
     810:	08 95       	ret
     812:	ef b1       	in	r30, 0x0f	; 15
     814:	e0 74       	andi	r30, 0x40	; 64
     816:	e9 f4       	brne	.+58     	; 0x852 <_digitalRead_true2>
     818:	08 95       	ret
     81a:	ef b1       	in	r30, 0x0f	; 15
     81c:	e0 72       	andi	r30, 0x20	; 32
     81e:	c9 f4       	brne	.+50     	; 0x852 <_digitalRead_true2>
     820:	08 95       	ret
     822:	ef b1       	in	r30, 0x0f	; 15
     824:	e0 71       	andi	r30, 0x10	; 16
     826:	a9 f4       	brne	.+42     	; 0x852 <_digitalRead_true2>
     828:	08 95       	ret
     82a:	ef b1       	in	r30, 0x0f	; 15
     82c:	e2 70       	andi	r30, 0x02	; 2
     82e:	89 f4       	brne	.+34     	; 0x852 <_digitalRead_true2>
     830:	08 95       	ret
     832:	ef b1       	in	r30, 0x0f	; 15
     834:	e1 70       	andi	r30, 0x01	; 1
     836:	69 f4       	brne	.+26     	; 0x852 <_digitalRead_true2>
     838:	08 95       	ret
     83a:	e9 b1       	in	r30, 0x09	; 9
     83c:	e0 71       	andi	r30, 0x10	; 16
     83e:	49 f4       	brne	.+18     	; 0x852 <_digitalRead_true2>
     840:	08 95       	ret
     842:	e9 b1       	in	r30, 0x09	; 9
     844:	e0 72       	andi	r30, 0x20	; 32
     846:	29 f4       	brne	.+10     	; 0x852 <_digitalRead_true2>
     848:	08 95       	ret
     84a:	ec b1       	in	r30, 0x0c	; 12
     84c:	e0 74       	andi	r30, 0x40	; 64
     84e:	09 f4       	brne	.+2      	; 0x852 <_digitalRead_true2>
     850:	08 95       	ret

00000852 <_digitalRead_true2>:
     852:	e1 e0       	ldi	r30, 0x01	; 1
     854:	08 95       	ret

00000856 <_reboot_Teensyduino_>:
#define WDFR 3
#endif

void _reboot_Teensyduino_(void)
{
	cli();
     856:	f8 94       	cli
	// stop watchdog timer, if running
	MCUSR &= ~(1<<WDFR);
     858:	84 b7       	in	r24, 0x34	; 52
     85a:	87 7f       	andi	r24, 0xF7	; 247
     85c:	84 bf       	out	0x34, r24	; 52
	WDTCSR |= (1<<WDCE);
     85e:	80 91 60 00 	lds	r24, 0x0060	; 0x800060 <__DATA_REGION_ORIGIN__>
     862:	80 61       	ori	r24, 0x10	; 16
     864:	80 93 60 00 	sts	0x0060, r24	; 0x800060 <__DATA_REGION_ORIGIN__>
	WDTCSR = 0;
     868:	10 92 60 00 	sts	0x0060, r1	; 0x800060 <__DATA_REGION_ORIGIN__>
					"brne	L_%=_loop"	"\n\t"	// 2 (1 on last)
					: "=d" (tmp2)
					: "0" (tmp2)
				);
			} else {
				asm volatile(
     86c:	80 e2       	ldi	r24, 0x20	; 32
     86e:	9e e4       	ldi	r25, 0x4E	; 78

00000870 <L_1138_loop>:
     870:	01 97       	sbiw	r24, 0x01	; 1
     872:	f1 f7       	brne	.-4      	; 0x870 <L_1138_loop>
	delayMicroseconds(5000);
	UDCON = 1;
     874:	81 e0       	ldi	r24, 0x01	; 1
     876:	80 93 e0 00 	sts	0x00E0, r24	; 0x8000e0 <__DATA_REGION_ORIGIN__+0x80>
	USBCON = (1<<FRZCLK);
     87a:	80 e2       	ldi	r24, 0x20	; 32
     87c:	80 93 d8 00 	sts	0x00D8, r24	; 0x8000d8 <__DATA_REGION_ORIGIN__+0x78>
     880:	80 e6       	ldi	r24, 0x60	; 96
     882:	9a ee       	ldi	r25, 0xEA	; 234

00000884 <L_1152_loop>:
     884:	01 97       	sbiw	r24, 0x01	; 1
     886:	f1 f7       	brne	.-4      	; 0x884 <L_1152_loop>
	delayMicroseconds(15000);
	disable_peripherals();
     888:	fb de       	rcall	.-522    	; 0x680 <disable_peripherals>
	#if defined(__AVR_AT90USB162__)
	asm volatile("jmp 0x3E00");
	#elif defined(__AVR_ATmega32U4__)
	asm volatile("jmp 0x7E00");
     88a:	0c 94 00 3f 	jmp	0x7e00	; 0x7e00 <__data_load_end+0x682e>
     88e:	ff cf       	rjmp	.-2      	; 0x88e <L_1152_loop+0xa>

00000890 <_restart_Teensyduino_>:
	while (1) ;
}

void _restart_Teensyduino_(void)
{
	cli();
     890:	f8 94       	cli
	disable_peripherals();  // but leave USB intact
     892:	f6 de       	rcall	.-532    	; 0x680 <disable_peripherals>
     894:	80 e6       	ldi	r24, 0x60	; 96
     896:	9a ee       	ldi	r25, 0xEA	; 234

00000898 <L_1177_loop>:
     898:	01 97       	sbiw	r24, 0x01	; 1
     89a:	f1 f7       	brne	.-4      	; 0x898 <L_1177_loop>
	delayMicroseconds(15000);
	asm volatile("jmp 0");
     89c:	0c 94 00 00 	jmp	0	; 0x0 <__vectors>
     8a0:	ff cf       	rjmp	.-2      	; 0x8a0 <L_1177_loop+0x8>

000008a2 <__vector_23>:
volatile unsigned char timer0_fract_count = 0;

void TIMER0_OVF_vect() __attribute__((naked));
void TIMER0_OVF_vect()
{
	asm volatile(
     8a2:	8f 93       	push	r24
     8a4:	8f b7       	in	r24, 0x3f	; 63
     8a6:	8f 93       	push	r24
     8a8:	80 91 ba 01 	lds	r24, 0x01BA	; 0x8001ba <__data_end>
     8ac:	8d 5f       	subi	r24, 0xFD	; 253
     8ae:	8d 37       	cpi	r24, 0x7D	; 125
     8b0:	d0 f4       	brcc	.+52     	; 0x8e6 <L_1192_fract_roll>

000008b2 <L_1192_fract_noroll>:
     8b2:	80 93 ba 01 	sts	0x01BA, r24	; 0x8001ba <__data_end>
     8b6:	80 91 bb 01 	lds	r24, 0x01BB	; 0x8001bb <timer0_millis_count>
     8ba:	8f 5f       	subi	r24, 0xFF	; 255
     8bc:	80 93 bb 01 	sts	0x01BB, r24	; 0x8001bb <timer0_millis_count>
     8c0:	d8 f0       	brcs	.+54     	; 0x8f8 <L_1192_ovcount>

000008c2 <L_1192_millis_inc_sext>:
     8c2:	80 91 bc 01 	lds	r24, 0x01BC	; 0x8001bc <timer0_millis_count+0x1>
     8c6:	8f 4f       	sbci	r24, 0xFF	; 255
     8c8:	80 93 bc 01 	sts	0x01BC, r24	; 0x8001bc <timer0_millis_count+0x1>
     8cc:	a8 f0       	brcs	.+42     	; 0x8f8 <L_1192_ovcount>
     8ce:	80 91 bd 01 	lds	r24, 0x01BD	; 0x8001bd <timer0_millis_count+0x2>
     8d2:	8f 4f       	sbci	r24, 0xFF	; 255
     8d4:	80 93 bd 01 	sts	0x01BD, r24	; 0x8001bd <timer0_millis_count+0x2>
     8d8:	78 f0       	brcs	.+30     	; 0x8f8 <L_1192_ovcount>
     8da:	80 91 be 01 	lds	r24, 0x01BE	; 0x8001be <timer0_millis_count+0x3>
     8de:	8f 4f       	sbci	r24, 0xFF	; 255
     8e0:	80 93 be 01 	sts	0x01BE, r24	; 0x8001be <timer0_millis_count+0x3>
     8e4:	09 c0       	rjmp	.+18     	; 0x8f8 <L_1192_ovcount>

000008e6 <L_1192_fract_roll>:
     8e6:	8d 57       	subi	r24, 0x7D	; 125
     8e8:	80 93 ba 01 	sts	0x01BA, r24	; 0x8001ba <__data_end>
     8ec:	80 91 bb 01 	lds	r24, 0x01BB	; 0x8001bb <timer0_millis_count>
     8f0:	8e 5f       	subi	r24, 0xFE	; 254
     8f2:	80 93 bb 01 	sts	0x01BB, r24	; 0x8001bb <timer0_millis_count>
     8f6:	28 f7       	brcc	.-54     	; 0x8c2 <L_1192_millis_inc_sext>

000008f8 <L_1192_ovcount>:
     8f8:	80 91 bf 01 	lds	r24, 0x01BF	; 0x8001bf <timer0_micros_count>
     8fc:	8c 5f       	subi	r24, 0xFC	; 252
     8fe:	80 93 bf 01 	sts	0x01BF, r24	; 0x8001bf <timer0_micros_count>
     902:	58 f0       	brcs	.+22     	; 0x91a <L_1192_end>
     904:	80 91 c0 01 	lds	r24, 0x01C0	; 0x8001c0 <timer0_micros_count+0x1>
     908:	8f 4f       	sbci	r24, 0xFF	; 255
     90a:	80 93 c0 01 	sts	0x01C0, r24	; 0x8001c0 <timer0_micros_count+0x1>
     90e:	28 f0       	brcs	.+10     	; 0x91a <L_1192_end>
     910:	80 91 c1 01 	lds	r24, 0x01C1	; 0x8001c1 <timer0_micros_count+0x2>
     914:	8f 4f       	sbci	r24, 0xFF	; 255
     916:	80 93 c1 01 	sts	0x01C1, r24	; 0x8001c1 <timer0_micros_count+0x2>

0000091a <L_1192_end>:
     91a:	8f 91       	pop	r24
     91c:	8f bf       	out	0x3f, r24	; 63
     91e:	8f 91       	pop	r24
     920:	18 95       	reti

00000922 <delay>:
	);
}


void delay(uint32_t ms)
{
     922:	cf 92       	push	r12
     924:	df 92       	push	r13
     926:	ef 92       	push	r14
     928:	ff 92       	push	r15
     92a:	6b 01       	movw	r12, r22
     92c:	7c 01       	movw	r14, r24

static inline uint32_t micros(void) __attribute__((always_inline, unused));
static inline uint32_t micros(void)
{
	register uint32_t out asm("r22");
	asm volatile("call _micros" : "=d" (out) : : "r0");
     92e:	19 d0       	rcall	.+50     	; 0x962 <_micros>
	uint16_t start = (uint16_t)micros();
     930:	9b 01       	movw	r18, r22

	while (ms > 0) {
     932:	c1 14       	cp	r12, r1
     934:	d1 04       	cpc	r13, r1
     936:	e1 04       	cpc	r14, r1
     938:	f1 04       	cpc	r15, r1
     93a:	29 f4       	brne	.+10     	; 0x946 <delay+0x24>
		_SLEEP_CONTROL_REG = SLEEP_MODE_IDLE;
		cli();
	} while (timer0_millis_count - start <= ms);
	sei();
#endif
}
     93c:	ff 90       	pop	r15
     93e:	ef 90       	pop	r14
     940:	df 90       	pop	r13
     942:	cf 90       	pop	r12
     944:	08 95       	ret
     946:	0d d0       	rcall	.+26     	; 0x962 <_micros>
void delay(uint32_t ms)
{
	uint16_t start = (uint16_t)micros();

	while (ms > 0) {
		if (((uint16_t)micros() - start) >= 1000) {
     948:	62 1b       	sub	r22, r18
     94a:	73 0b       	sbc	r23, r19
     94c:	68 3e       	cpi	r22, 0xE8	; 232
     94e:	73 40       	sbci	r23, 0x03	; 3
     950:	80 f3       	brcs	.-32     	; 0x932 <delay+0x10>
			ms--;
     952:	81 e0       	ldi	r24, 0x01	; 1
     954:	c8 1a       	sub	r12, r24
     956:	d1 08       	sbc	r13, r1
     958:	e1 08       	sbc	r14, r1
     95a:	f1 08       	sbc	r15, r1
			start += 1000;
     95c:	28 51       	subi	r18, 0x18	; 24
     95e:	3c 4f       	sbci	r19, 0xFC	; 252
     960:	e8 cf       	rjmp	.-48     	; 0x932 <delay+0x10>

00000962 <_micros>:


uint32_t _micros(void)
{
	register uint32_t out asm("r22");
	asm volatile(
     962:	0f b6       	in	r0, 0x3f	; 63
     964:	f8 94       	cli
     966:	66 b5       	in	r22, 0x26	; 38
     968:	15 b2       	in	r1, 0x15	; 21
     96a:	70 91 bf 01 	lds	r23, 0x01BF	; 0x8001bf <timer0_micros_count>
     96e:	80 91 c0 01 	lds	r24, 0x01C0	; 0x8001c0 <timer0_micros_count+0x1>
     972:	90 91 c1 01 	lds	r25, 0x01C1	; 0x8001c1 <timer0_micros_count+0x2>
     976:	0f be       	out	0x3f, r0	; 63
     978:	10 fe       	sbrs	r1, 0
     97a:	05 c0       	rjmp	.+10     	; 0x986 <L_1270_skip>
     97c:	6f 3f       	cpi	r22, 0xFF	; 255
     97e:	19 f0       	breq	.+6      	; 0x986 <L_1270_skip>
     980:	7c 5f       	subi	r23, 0xFC	; 252
     982:	8f 4f       	sbci	r24, 0xFF	; 255
     984:	9f 4f       	sbci	r25, 0xFF	; 255

00000986 <L_1270_skip>:
     986:	11 24       	eor	r1, r1
     988:	00 24       	eor	r0, r0
     98a:	66 0f       	add	r22, r22
     98c:	00 1c       	adc	r0, r0
     98e:	66 0f       	add	r22, r22
     990:	00 1c       	adc	r0, r0
     992:	70 29       	or	r23, r0
		  "I" (_SFR_IO_ADDR(TIFR0)),
		  "I" (TOV0)
		: "r0"
	);
	return out;
}
     994:	08 95       	ret

00000996 <usb_wait_in_ready>:
	UDCON = 1;	// disconnect attach resistor
	USBCON = 0;	// shut off USB periperal
	PLLCSR = 0;	// shut off PLL
	usb_configuration = 0;
	usb_suspended = 1;
}
     996:	80 91 e8 00 	lds	r24, 0x00E8	; 0x8000e8 <__DATA_REGION_ORIGIN__+0x88>
     99a:	80 ff       	sbrs	r24, 0
     99c:	fc cf       	rjmp	.-8      	; 0x996 <usb_wait_in_ready>
     99e:	08 95       	ret

000009a0 <usb_init>:
     9a0:	80 91 d8 00 	lds	r24, 0x00D8	; 0x8000d8 <__DATA_REGION_ORIGIN__+0x78>
     9a4:	87 ff       	sbrs	r24, 7
     9a6:	02 c0       	rjmp	.+4      	; 0x9ac <usb_init+0xc>
     9a8:	85 ff       	sbrs	r24, 5
     9aa:	56 c0       	rjmp	.+172    	; 0xa58 <usb_init+0xb8>
     9ac:	81 e0       	ldi	r24, 0x01	; 1
     9ae:	80 93 d7 00 	sts	0x00D7, r24	; 0x8000d7 <__DATA_REGION_ORIGIN__+0x77>
     9b2:	80 ea       	ldi	r24, 0xA0	; 160
     9b4:	80 93 d8 00 	sts	0x00D8, r24	; 0x8000d8 <__DATA_REGION_ORIGIN__+0x78>
     9b8:	82 e1       	ldi	r24, 0x12	; 18
     9ba:	89 bd       	out	0x29, r24	; 41
     9bc:	09 b4       	in	r0, 0x29	; 41
     9be:	00 fe       	sbrs	r0, 0
     9c0:	fd cf       	rjmp	.-6      	; 0x9bc <usb_init+0x1c>
     9c2:	80 e9       	ldi	r24, 0x90	; 144
     9c4:	80 93 d8 00 	sts	0x00D8, r24	; 0x8000d8 <__DATA_REGION_ORIGIN__+0x78>
     9c8:	10 92 e0 00 	sts	0x00E0, r1	; 0x8000e0 <__DATA_REGION_ORIGIN__+0x80>
     9cc:	10 92 f4 01 	sts	0x01F4, r1	; 0x8001f4 <usb_configuration>
     9d0:	10 92 f3 01 	sts	0x01F3, r1	; 0x8001f3 <usb_suspended>
     9d4:	10 92 f2 01 	sts	0x01F2, r1	; 0x8001f2 <cdc_line_rtsdtr>
     9d8:	10 92 ea 01 	sts	0x01EA, r1	; 0x8001ea <keyboard_report_data>
     9dc:	10 92 eb 01 	sts	0x01EB, r1	; 0x8001eb <keyboard_report_data+0x1>
     9e0:	10 92 ec 01 	sts	0x01EC, r1	; 0x8001ec <keyboard_report_data+0x2>
     9e4:	10 92 ed 01 	sts	0x01ED, r1	; 0x8001ed <keyboard_report_data+0x3>
     9e8:	10 92 ee 01 	sts	0x01EE, r1	; 0x8001ee <keyboard_report_data+0x4>
     9ec:	10 92 ef 01 	sts	0x01EF, r1	; 0x8001ef <keyboard_report_data+0x5>
     9f0:	10 92 f0 01 	sts	0x01F0, r1	; 0x8001f0 <keyboard_report_data+0x6>
     9f4:	10 92 f1 01 	sts	0x01F1, r1	; 0x8001f1 <keyboard_report_data+0x7>
     9f8:	81 e0       	ldi	r24, 0x01	; 1
     9fa:	80 93 e9 01 	sts	0x01E9, r24	; 0x8001e9 <keyboard_protocol>
     9fe:	9d e7       	ldi	r25, 0x7D	; 125
     a00:	90 93 e8 01 	sts	0x01E8, r25	; 0x8001e8 <keyboard_idle_config>
     a04:	10 92 e7 01 	sts	0x01E7, r1	; 0x8001e7 <keyboard_idle_count>
     a08:	10 92 e6 01 	sts	0x01E6, r1	; 0x8001e6 <keyboard_leds>
     a0c:	10 92 e5 01 	sts	0x01E5, r1	; 0x8001e5 <mouse_buttons>
     a10:	80 93 e4 01 	sts	0x01E4, r24	; 0x8001e4 <mouse_protocol>
     a14:	10 92 d8 01 	sts	0x01D8, r1	; 0x8001d8 <__bss_end>
     a18:	10 92 d9 01 	sts	0x01D9, r1	; 0x8001d9 <__bss_end+0x1>
     a1c:	10 92 da 01 	sts	0x01DA, r1	; 0x8001da <__bss_end+0x2>
     a20:	10 92 db 01 	sts	0x01DB, r1	; 0x8001db <__bss_end+0x3>
     a24:	8f e0       	ldi	r24, 0x0F	; 15
     a26:	80 93 dc 01 	sts	0x01DC, r24	; 0x8001dc <__bss_end+0x4>
     a2a:	90 e2       	ldi	r25, 0x20	; 32
     a2c:	90 93 dd 01 	sts	0x01DD, r25	; 0x8001dd <__bss_end+0x5>
     a30:	80 e8       	ldi	r24, 0x80	; 128
     a32:	80 93 de 01 	sts	0x01DE, r24	; 0x8001de <__bss_end+0x6>
     a36:	10 92 df 01 	sts	0x01DF, r1	; 0x8001df <__bss_end+0x7>
     a3a:	22 e0       	ldi	r18, 0x02	; 2
     a3c:	20 93 e0 01 	sts	0x01E0, r18	; 0x8001e0 <__bss_end+0x8>
     a40:	28 e0       	ldi	r18, 0x08	; 8
     a42:	20 93 e1 01 	sts	0x01E1, r18	; 0x8001e1 <__bss_end+0x9>
     a46:	90 93 e2 01 	sts	0x01E2, r25	; 0x8001e2 <__bss_end+0xa>
     a4a:	80 93 e3 01 	sts	0x01E3, r24	; 0x8001e3 <__bss_end+0xb>
     a4e:	10 92 e1 00 	sts	0x00E1, r1	; 0x8000e1 <__DATA_REGION_ORIGIN__+0x81>
     a52:	8d e0       	ldi	r24, 0x0D	; 13
     a54:	80 93 e2 00 	sts	0x00E2, r24	; 0x8000e2 <__DATA_REGION_ORIGIN__+0x82>
     a58:	08 95       	ret

00000a5a <__vector_10>:

// USB Device Interrupt - handle all device-level events
// the transmit buffer flushing is triggered by the start of frame
//
ISR(USB_GEN_vect)
{
     a5a:	1f 92       	push	r1
     a5c:	0f 92       	push	r0
     a5e:	0f b6       	in	r0, 0x3f	; 63
     a60:	0f 92       	push	r0
     a62:	11 24       	eor	r1, r1
     a64:	2f 93       	push	r18
     a66:	3f 93       	push	r19
     a68:	4f 93       	push	r20
     a6a:	5f 93       	push	r21
     a6c:	6f 93       	push	r22
     a6e:	7f 93       	push	r23
     a70:	8f 93       	push	r24
     a72:	9f 93       	push	r25
     a74:	af 93       	push	r26
     a76:	bf 93       	push	r27
     a78:	ef 93       	push	r30
     a7a:	ff 93       	push	r31
	uint8_t intbits, t, i;
	static uint8_t div4=0;

        intbits = UDINT;
     a7c:	90 91 e1 00 	lds	r25, 0x00E1	; 0x8000e1 <__DATA_REGION_ORIGIN__+0x81>
        UDINT = 0;
     a80:	10 92 e1 00 	sts	0x00E1, r1	; 0x8000e1 <__DATA_REGION_ORIGIN__+0x81>
        if (intbits & (1<<EORSTI)) {
     a84:	93 ff       	sbrs	r25, 3
     a86:	11 c0       	rjmp	.+34     	; 0xaaa <__vector_10+0x50>
		// USB Reset
		UENUM = 0;
     a88:	10 92 e9 00 	sts	0x00E9, r1	; 0x8000e9 <__DATA_REGION_ORIGIN__+0x89>
		UECONX = 1;
     a8c:	81 e0       	ldi	r24, 0x01	; 1
     a8e:	80 93 eb 00 	sts	0x00EB, r24	; 0x8000eb <__DATA_REGION_ORIGIN__+0x8b>
		UECFG0X = EP_TYPE_CONTROL;
     a92:	10 92 ec 00 	sts	0x00EC, r1	; 0x8000ec <__DATA_REGION_ORIGIN__+0x8c>
		UECFG1X = EP_SIZE(ENDPOINT0_SIZE) | EP_SINGLE_BUFFER;
     a96:	82 e3       	ldi	r24, 0x32	; 50
     a98:	80 93 ed 00 	sts	0x00ED, r24	; 0x8000ed <__DATA_REGION_ORIGIN__+0x8d>
		UEIENX = (1<<RXSTPE);
     a9c:	88 e0       	ldi	r24, 0x08	; 8
     a9e:	80 93 f0 00 	sts	0x00F0, r24	; 0x8000f0 <__DATA_REGION_ORIGIN__+0x90>
		usb_configuration = 0;
     aa2:	10 92 f4 01 	sts	0x01F4, r1	; 0x8001f4 <usb_configuration>
		cdc_line_rtsdtr = 0;
     aa6:	10 92 f2 01 	sts	0x01F2, r1	; 0x8001f2 <cdc_line_rtsdtr>
	}
	if (intbits & (1<<SOFI)) {
     aaa:	92 ff       	sbrs	r25, 2
     aac:	47 c0       	rjmp	.+142    	; 0xb3c <__stack+0x3d>
		// Start Of Frame
		if (usb_configuration) {
     aae:	80 91 f4 01 	lds	r24, 0x01F4	; 0x8001f4 <usb_configuration>
     ab2:	88 23       	and	r24, r24
     ab4:	09 f4       	brne	.+2      	; 0xab8 <__vector_10+0x5e>
     ab6:	42 c0       	rjmp	.+132    	; 0xb3c <__stack+0x3d>
			t = transmit_flush_timer;
     ab8:	80 91 c6 01 	lds	r24, 0x01C6	; 0x8001c6 <transmit_flush_timer>
			if (t) {
     abc:	88 23       	and	r24, r24
     abe:	59 f0       	breq	.+22     	; 0xad6 <__vector_10+0x7c>
				transmit_flush_timer = --t;
     ac0:	81 50       	subi	r24, 0x01	; 1
     ac2:	80 93 c6 01 	sts	0x01C6, r24	; 0x8001c6 <transmit_flush_timer>
				if (!t) {
     ac6:	81 11       	cpse	r24, r1
     ac8:	06 c0       	rjmp	.+12     	; 0xad6 <__vector_10+0x7c>
					UENUM = CDC_TX_ENDPOINT;
     aca:	84 e0       	ldi	r24, 0x04	; 4
     acc:	80 93 e9 00 	sts	0x00E9, r24	; 0x8000e9 <__DATA_REGION_ORIGIN__+0x89>
					UEINTX = 0x3A;
     ad0:	8a e3       	ldi	r24, 0x3A	; 58
     ad2:	80 93 e8 00 	sts	0x00E8, r24	; 0x8000e8 <__DATA_REGION_ORIGIN__+0x88>
				}
			}
			t = reboot_timer;
     ad6:	80 91 c5 01 	lds	r24, 0x01C5	; 0x8001c5 <reboot_timer>
			if (t) {
     ada:	88 23       	and	r24, r24
     adc:	31 f0       	breq	.+12     	; 0xaea <__vector_10+0x90>
				reboot_timer = --t;
     ade:	81 50       	subi	r24, 0x01	; 1
     ae0:	80 93 c5 01 	sts	0x01C5, r24	; 0x8001c5 <reboot_timer>
				if (!t) _reboot_Teensyduino_();
     ae4:	81 11       	cpse	r24, r1
     ae6:	01 c0       	rjmp	.+2      	; 0xaea <__vector_10+0x90>
     ae8:	b6 de       	rcall	.-660    	; 0x856 <_reboot_Teensyduino_>
			}
                	if (keyboard_idle_config && (++div4 & 3) == 0) {
     aea:	80 91 e8 01 	lds	r24, 0x01E8	; 0x8001e8 <keyboard_idle_config>
     aee:	88 23       	and	r24, r24
     af0:	29 f1       	breq	.+74     	; 0xb3c <__stack+0x3d>
     af2:	80 91 c3 01 	lds	r24, 0x01C3	; 0x8001c3 <div4.1729>
     af6:	8f 5f       	subi	r24, 0xFF	; 255
     af8:	80 93 c3 01 	sts	0x01C3, r24	; 0x8001c3 <div4.1729>
     afc:	83 70       	andi	r24, 0x03	; 3
     afe:	f1 f4       	brne	.+60     	; 0xb3c <__stack+0x3d>
                        	UENUM = KEYBOARD_ENDPOINT;
     b00:	81 e0       	ldi	r24, 0x01	; 1
     b02:	80 93 e9 00 	sts	0x00E9, r24	; 0x8000e9 <__DATA_REGION_ORIGIN__+0x89>
                        	if (UEINTX & (1<<RWAL)) {
     b06:	80 91 e8 00 	lds	r24, 0x00E8	; 0x8000e8 <__DATA_REGION_ORIGIN__+0x88>
     b0a:	85 ff       	sbrs	r24, 5
     b0c:	17 c0       	rjmp	.+46     	; 0xb3c <__stack+0x3d>
                                	keyboard_idle_count++;
     b0e:	80 91 e7 01 	lds	r24, 0x01E7	; 0x8001e7 <keyboard_idle_count>
     b12:	8f 5f       	subi	r24, 0xFF	; 255
     b14:	80 93 e7 01 	sts	0x01E7, r24	; 0x8001e7 <keyboard_idle_count>
                                	if (keyboard_idle_count == keyboard_idle_config) {
     b18:	20 91 e8 01 	lds	r18, 0x01E8	; 0x8001e8 <keyboard_idle_config>
     b1c:	82 13       	cpse	r24, r18
     b1e:	0e c0       	rjmp	.+28     	; 0xb3c <__stack+0x3d>
                                        	keyboard_idle_count = 0;
     b20:	10 92 e7 01 	sts	0x01E7, r1	; 0x8001e7 <keyboard_idle_count>
     b24:	ea ee       	ldi	r30, 0xEA	; 234
     b26:	f1 e0       	ldi	r31, 0x01	; 1
                                        	//len = keyboard_protocol ? sizeof(keyboard_keys) : 8;
                                        	for (i=0; i < 8; i++) {
                                                	UEDATX = keyboard_report_data[i];
     b28:	81 91       	ld	r24, Z+
     b2a:	80 93 f1 00 	sts	0x00F1, r24	; 0x8000f1 <__DATA_REGION_ORIGIN__+0x91>
                        	if (UEINTX & (1<<RWAL)) {
                                	keyboard_idle_count++;
                                	if (keyboard_idle_count == keyboard_idle_config) {
                                        	keyboard_idle_count = 0;
                                        	//len = keyboard_protocol ? sizeof(keyboard_keys) : 8;
                                        	for (i=0; i < 8; i++) {
     b2e:	81 e0       	ldi	r24, 0x01	; 1
     b30:	e2 3f       	cpi	r30, 0xF2	; 242
     b32:	f8 07       	cpc	r31, r24
     b34:	c9 f7       	brne	.-14     	; 0xb28 <__stack+0x29>
                                                	UEDATX = keyboard_report_data[i];
                                        	}
                                        	UEINTX = 0x3A;
     b36:	8a e3       	ldi	r24, 0x3A	; 58
     b38:	80 93 e8 00 	sts	0x00E8, r24	; 0x8000e8 <__DATA_REGION_ORIGIN__+0x88>
                        	}
                	}
		}
	}
	// in active state
	if (intbits & (1<<SUSPI)) {
     b3c:	90 ff       	sbrs	r25, 0
     b3e:	0c c0       	rjmp	.+24     	; 0xb58 <__stack+0x59>
		// USB Suspend (inactivity for 3ms)
		UDIEN = (1<<WAKEUPE);
     b40:	80 e1       	ldi	r24, 0x10	; 16
     b42:	80 93 e2 00 	sts	0x00E2, r24	; 0x8000e2 <__DATA_REGION_ORIGIN__+0x82>
		usb_configuration = 0;
     b46:	10 92 f4 01 	sts	0x01F4, r1	; 0x8001f4 <usb_configuration>
		usb_suspended = 1;
     b4a:	81 e0       	ldi	r24, 0x01	; 1
     b4c:	80 93 f3 01 	sts	0x01F3, r24	; 0x8001f3 <usb_suspended>
		#if (F_CPU >= 8000000L)
		// WAKEUPI does not work with USB clock freeze 
		// when CPU is running less than 8 MHz.
		// Is this a hardware bug?
		USB_FREEZE();			// shut off USB
     b50:	80 ea       	ldi	r24, 0xA0	; 160
     b52:	80 93 d8 00 	sts	0x00D8, r24	; 0x8000d8 <__DATA_REGION_ORIGIN__+0x78>
		PLLCSR = 0;			// shut off PLL
     b56:	19 bc       	out	0x29, r1	; 41
		// to properly meet the USB spec, current must
		// reduce to less than 2.5 mA, which means using
		// powerdown mode, but that breaks the Arduino
		// user's paradigm....
	}
	if (usb_suspended && (intbits & (1<<WAKEUPI))) {
     b58:	80 91 f3 01 	lds	r24, 0x01F3	; 0x8001f3 <usb_suspended>
     b5c:	88 23       	and	r24, r24
     b5e:	79 f0       	breq	.+30     	; 0xb7e <__stack+0x7f>
     b60:	94 ff       	sbrs	r25, 4
     b62:	0d c0       	rjmp	.+26     	; 0xb7e <__stack+0x7f>
		// USB Resume (pretty much any activity)
		#if (F_CPU >= 8000000L)
		PLL_CONFIG();
     b64:	82 e1       	ldi	r24, 0x12	; 18
     b66:	89 bd       	out	0x29, r24	; 41
		while (!(PLLCSR & (1<<PLOCK))) ;
     b68:	09 b4       	in	r0, 0x29	; 41
     b6a:	00 fe       	sbrs	r0, 0
     b6c:	fd cf       	rjmp	.-6      	; 0xb68 <__stack+0x69>
		USB_CONFIG();
     b6e:	80 e9       	ldi	r24, 0x90	; 144
     b70:	80 93 d8 00 	sts	0x00D8, r24	; 0x8000d8 <__DATA_REGION_ORIGIN__+0x78>
		#endif
		UDIEN = (1<<EORSTE)|(1<<SOFE)|(1<<SUSPE);
     b74:	8d e0       	ldi	r24, 0x0D	; 13
     b76:	80 93 e2 00 	sts	0x00E2, r24	; 0x8000e2 <__DATA_REGION_ORIGIN__+0x82>
		usb_suspended = 0;
     b7a:	10 92 f3 01 	sts	0x01F3, r1	; 0x8001f3 <usb_suspended>
		return;
	}
}
     b7e:	ff 91       	pop	r31
     b80:	ef 91       	pop	r30
     b82:	bf 91       	pop	r27
     b84:	af 91       	pop	r26
     b86:	9f 91       	pop	r25
     b88:	8f 91       	pop	r24
     b8a:	7f 91       	pop	r23
     b8c:	6f 91       	pop	r22
     b8e:	5f 91       	pop	r21
     b90:	4f 91       	pop	r20
     b92:	3f 91       	pop	r19
     b94:	2f 91       	pop	r18
     b96:	0f 90       	pop	r0
     b98:	0f be       	out	0x3f, r0	; 63
     b9a:	0f 90       	pop	r0
     b9c:	1f 90       	pop	r1
     b9e:	18 95       	reti

00000ba0 <__vector_11>:
// USB Endpoint Interrupt - endpoint 0 is handled here.  The
// other endpoints are manipulated by the user-callable
// functions, and the start-of-frame interrupt.
//
ISR(USB_COM_vect)
{
     ba0:	1f 92       	push	r1
     ba2:	0f 92       	push	r0
     ba4:	0f b6       	in	r0, 0x3f	; 63
     ba6:	0f 92       	push	r0
     ba8:	11 24       	eor	r1, r1
     baa:	ef 92       	push	r14
     bac:	ff 92       	push	r15
     bae:	0f 93       	push	r16
     bb0:	1f 93       	push	r17
     bb2:	2f 93       	push	r18
     bb4:	3f 93       	push	r19
     bb6:	4f 93       	push	r20
     bb8:	5f 93       	push	r21
     bba:	6f 93       	push	r22
     bbc:	7f 93       	push	r23
     bbe:	8f 93       	push	r24
     bc0:	9f 93       	push	r25
     bc2:	af 93       	push	r26
     bc4:	bf 93       	push	r27
     bc6:	cf 93       	push	r28
     bc8:	df 93       	push	r29
     bca:	ef 93       	push	r30
     bcc:	ff 93       	push	r31
	uint16_t wLength;
	uint16_t desc_val;
	const uint8_t *desc_addr;
	uint8_t	desc_length;

	UENUM = 0;
     bce:	10 92 e9 00 	sts	0x00E9, r1	; 0x8000e9 <__DATA_REGION_ORIGIN__+0x89>
	intbits = UEINTX;
     bd2:	80 91 e8 00 	lds	r24, 0x00E8	; 0x8000e8 <__DATA_REGION_ORIGIN__+0x88>
	if (intbits & (1<<RXSTPI)) {
     bd6:	83 ff       	sbrs	r24, 3
     bd8:	21 c0       	rjmp	.+66     	; 0xc1c <__vector_11+0x7c>
		bmRequestType = UEDATX;
     bda:	d0 91 f1 00 	lds	r29, 0x00F1	; 0x8000f1 <__DATA_REGION_ORIGIN__+0x91>
		bRequest = UEDATX;
     bde:	c0 91 f1 00 	lds	r28, 0x00F1	; 0x8000f1 <__DATA_REGION_ORIGIN__+0x91>
		read_word_lsbfirst(wValue, UEDATX);
     be2:	00 91 f1 00 	lds	r16, 0x00F1	; 0x8000f1 <__DATA_REGION_ORIGIN__+0x91>
     be6:	10 91 f1 00 	lds	r17, 0x00F1	; 0x8000f1 <__DATA_REGION_ORIGIN__+0x91>
		read_word_lsbfirst(wIndex, UEDATX);
     bea:	e0 90 f1 00 	lds	r14, 0x00F1	; 0x8000f1 <__DATA_REGION_ORIGIN__+0x91>
     bee:	f0 90 f1 00 	lds	r15, 0x00F1	; 0x8000f1 <__DATA_REGION_ORIGIN__+0x91>
		read_word_lsbfirst(wLength, UEDATX);
     bf2:	20 91 f1 00 	lds	r18, 0x00F1	; 0x8000f1 <__DATA_REGION_ORIGIN__+0x91>
     bf6:	30 91 f1 00 	lds	r19, 0x00F1	; 0x8000f1 <__DATA_REGION_ORIGIN__+0x91>
                UEINTX = ~((1<<RXSTPI) | (1<<RXOUTI) | (1<<TXINI));
     bfa:	82 ef       	ldi	r24, 0xF2	; 242
     bfc:	80 93 e8 00 	sts	0x00E8, r24	; 0x8000e8 <__DATA_REGION_ORIGIN__+0x88>
                if (bRequest == GET_DESCRIPTOR) {
     c00:	c6 30       	cpi	r28, 0x06	; 6
     c02:	09 f0       	breq	.+2      	; 0xc06 <__vector_11+0x66>
     c04:	5a c0       	rjmp	.+180    	; 0xcba <__vector_11+0x11a>
     c06:	8d e0       	ldi	r24, 0x0D	; 13
			list = (const uint8_t *)descriptor_list;
     c08:	e6 ef       	ldi	r30, 0xF6	; 246
     c0a:	f0 e0       	ldi	r31, 0x00	; 0
			for (i=0; ; i++) {
				if (i >= NUM_DESC_LIST) {
					UECONX = (1<<STALLRQ)|(1<<EPEN);  //stall
					return;
				}
				pgm_read_word_postinc(desc_val, list);
     c0c:	45 91       	lpm	r20, Z+
     c0e:	55 91       	lpm	r21, Z+
				if (desc_val != wValue) {
     c10:	04 17       	cp	r16, r20
     c12:	15 07       	cpc	r17, r21
     c14:	39 f0       	breq	.+14     	; 0xc24 <__vector_11+0x84>
					list += sizeof(struct descriptor_list_struct)-2;
     c16:	35 96       	adiw	r30, 0x05	; 5
     c18:	81 50       	subi	r24, 0x01	; 1
		read_word_lsbfirst(wLength, UEDATX);
                UEINTX = ~((1<<RXSTPI) | (1<<RXOUTI) | (1<<TXINI));
                if (bRequest == GET_DESCRIPTOR) {
			list = (const uint8_t *)descriptor_list;
			for (i=0; ; i++) {
				if (i >= NUM_DESC_LIST) {
     c1a:	c1 f7       	brne	.-16     	; 0xc0c <__vector_11+0x6c>
                                        return;
                                }
                        }
                }
        }
	UECONX = (1<<STALLRQ) | (1<<EPEN);	// stall
     c1c:	81 e2       	ldi	r24, 0x21	; 33
     c1e:	80 93 eb 00 	sts	0x00EB, r24	; 0x8000eb <__DATA_REGION_ORIGIN__+0x8b>
     c22:	2b c0       	rjmp	.+86     	; 0xc7a <__vector_11+0xda>
				pgm_read_word_postinc(desc_val, list);
				if (desc_val != wValue) {
					list += sizeof(struct descriptor_list_struct)-2;
					continue;
				}
				pgm_read_word_postinc(desc_val, list);
     c24:	45 91       	lpm	r20, Z+
     c26:	55 91       	lpm	r21, Z+
				if (desc_val != wIndex) {
     c28:	e4 16       	cp	r14, r20
     c2a:	f5 06       	cpc	r15, r21
     c2c:	11 f0       	breq	.+4      	; 0xc32 <__vector_11+0x92>
					list += sizeof(struct descriptor_list_struct)-4;
     c2e:	33 96       	adiw	r30, 0x03	; 3
					continue;
     c30:	f3 cf       	rjmp	.-26     	; 0xc18 <__vector_11+0x78>
				}
				pgm_read_word_postinc(desc_addr, list);
     c32:	45 91       	lpm	r20, Z+
     c34:	55 91       	lpm	r21, Z+
				desc_length = pgm_read_byte(list);
     c36:	84 91       	lpm	r24, Z
				break;
			}
			len = (wLength < 256) ? wLength : 255;
     c38:	2f 3f       	cpi	r18, 0xFF	; 255
     c3a:	31 05       	cpc	r19, r1
     c3c:	19 f0       	breq	.+6      	; 0xc44 <__vector_11+0xa4>
     c3e:	10 f0       	brcs	.+4      	; 0xc44 <__vector_11+0xa4>
     c40:	2f ef       	ldi	r18, 0xFF	; 255
     c42:	30 e0       	ldi	r19, 0x00	; 0
     c44:	82 17       	cp	r24, r18
     c46:	08 f4       	brcc	.+2      	; 0xc4a <__vector_11+0xaa>
     c48:	28 2f       	mov	r18, r24
{
	while (!(UEINTX & (1<<TXINI))) ;
}
static inline void usb_send_in(void)
{
	UEINTX = ~(1<<TXINI);
     c4a:	3e ef       	ldi	r19, 0xFE	; 254
			if (len > desc_length) len = desc_length;
			list = desc_addr;
			do {
				// wait for host ready for IN packet
				do {
					i = UEINTX;
     c4c:	80 91 e8 00 	lds	r24, 0x00E8	; 0x8000e8 <__DATA_REGION_ORIGIN__+0x88>
				} while (!(i & ((1<<TXINI)|(1<<RXOUTI))));
     c50:	98 2f       	mov	r25, r24
     c52:	95 70       	andi	r25, 0x05	; 5
     c54:	d9 f3       	breq	.-10     	; 0xc4c <__vector_11+0xac>
				if (i & (1<<RXOUTI)) return;	// abort
     c56:	82 fd       	sbrc	r24, 2
     c58:	10 c0       	rjmp	.+32     	; 0xc7a <__vector_11+0xda>
				// send IN packet
				n = len < ENDPOINT0_SIZE ? len : ENDPOINT0_SIZE;
     c5a:	82 2f       	mov	r24, r18
     c5c:	21 34       	cpi	r18, 0x41	; 65
     c5e:	08 f0       	brcs	.+2      	; 0xc62 <__vector_11+0xc2>
     c60:	80 e4       	ldi	r24, 0x40	; 64
				for (i = n; i; i--) {
     c62:	98 2f       	mov	r25, r24
     c64:	91 11       	cpse	r25, r1
     c66:	22 c0       	rjmp	.+68     	; 0xcac <__vector_11+0x10c>
					pgm_read_byte_postinc(UEDATX, list);
				}
				len -= n;
     c68:	92 2f       	mov	r25, r18
     c6a:	98 1b       	sub	r25, r24
     c6c:	89 2f       	mov	r24, r25
{
	while (!(UEINTX & (1<<TXINI))) ;
}
static inline void usb_send_in(void)
{
	UEINTX = ~(1<<TXINI);
     c6e:	30 93 e8 00 	sts	0x00E8, r19	; 0x8000e8 <__DATA_REGION_ORIGIN__+0x88>
				for (i = n; i; i--) {
					pgm_read_byte_postinc(UEDATX, list);
				}
				len -= n;
				usb_send_in();
			} while (len || n == ENDPOINT0_SIZE);
     c72:	91 11       	cpse	r25, r1
     c74:	19 c0       	rjmp	.+50     	; 0xca8 <__vector_11+0x108>
     c76:	20 34       	cpi	r18, 0x40	; 64
     c78:	b8 f4       	brcc	.+46     	; 0xca8 <__vector_11+0x108>
                                }
                        }
                }
        }
	UECONX = (1<<STALLRQ) | (1<<EPEN);	// stall
}
     c7a:	ff 91       	pop	r31
     c7c:	ef 91       	pop	r30
     c7e:	df 91       	pop	r29
     c80:	cf 91       	pop	r28
     c82:	bf 91       	pop	r27
     c84:	af 91       	pop	r26
     c86:	9f 91       	pop	r25
     c88:	8f 91       	pop	r24
     c8a:	7f 91       	pop	r23
     c8c:	6f 91       	pop	r22
     c8e:	5f 91       	pop	r21
     c90:	4f 91       	pop	r20
     c92:	3f 91       	pop	r19
     c94:	2f 91       	pop	r18
     c96:	1f 91       	pop	r17
     c98:	0f 91       	pop	r16
     c9a:	ff 90       	pop	r15
     c9c:	ef 90       	pop	r14
     c9e:	0f 90       	pop	r0
     ca0:	0f be       	out	0x3f, r0	; 63
     ca2:	0f 90       	pop	r0
     ca4:	1f 90       	pop	r1
     ca6:	18 95       	reti
		read_word_lsbfirst(wValue, UEDATX);
		read_word_lsbfirst(wIndex, UEDATX);
		read_word_lsbfirst(wLength, UEDATX);
                UEINTX = ~((1<<RXSTPI) | (1<<RXOUTI) | (1<<TXINI));
                if (bRequest == GET_DESCRIPTOR) {
			list = (const uint8_t *)descriptor_list;
     ca8:	28 2f       	mov	r18, r24
     caa:	d0 cf       	rjmp	.-96     	; 0xc4c <__vector_11+0xac>
				} while (!(i & ((1<<TXINI)|(1<<RXOUTI))));
				if (i & (1<<RXOUTI)) return;	// abort
				// send IN packet
				n = len < ENDPOINT0_SIZE ? len : ENDPOINT0_SIZE;
				for (i = n; i; i--) {
					pgm_read_byte_postinc(UEDATX, list);
     cac:	fa 01       	movw	r30, r20
     cae:	45 91       	lpm	r20, Z+
     cb0:	40 93 f1 00 	sts	0x00F1, r20	; 0x8000f1 <__DATA_REGION_ORIGIN__+0x91>
     cb4:	af 01       	movw	r20, r30
					i = UEINTX;
				} while (!(i & ((1<<TXINI)|(1<<RXOUTI))));
				if (i & (1<<RXOUTI)) return;	// abort
				// send IN packet
				n = len < ENDPOINT0_SIZE ? len : ENDPOINT0_SIZE;
				for (i = n; i; i--) {
     cb6:	91 50       	subi	r25, 0x01	; 1
     cb8:	d5 cf       	rjmp	.-86     	; 0xc64 <__vector_11+0xc4>
				len -= n;
				usb_send_in();
			} while (len || n == ENDPOINT0_SIZE);
			return;
                }
		if (bRequest == SET_ADDRESS) {
     cba:	c5 30       	cpi	r28, 0x05	; 5
     cbc:	41 f4       	brne	.+16     	; 0xcce <__vector_11+0x12e>
{
	while (!(UEINTX & (1<<TXINI))) ;
}
static inline void usb_send_in(void)
{
	UEINTX = ~(1<<TXINI);
     cbe:	8e ef       	ldi	r24, 0xFE	; 254
     cc0:	80 93 e8 00 	sts	0x00E8, r24	; 0x8000e8 <__DATA_REGION_ORIGIN__+0x88>
			} while (len || n == ENDPOINT0_SIZE);
			return;
                }
		if (bRequest == SET_ADDRESS) {
			usb_send_in();
			usb_wait_in_ready();
     cc4:	68 de       	rcall	.-816    	; 0x996 <usb_wait_in_ready>
			UDADDR = wValue | (1<<ADDEN);
     cc6:	00 68       	ori	r16, 0x80	; 128
     cc8:	00 93 e3 00 	sts	0x00E3, r16	; 0x8000e3 <__DATA_REGION_ORIGIN__+0x83>
			return;
     ccc:	d6 cf       	rjmp	.-84     	; 0xc7a <__vector_11+0xda>
		}
		if (bRequest == SET_CONFIGURATION && bmRequestType == 0) {
     cce:	c9 30       	cpi	r28, 0x09	; 9
     cd0:	11 f5       	brne	.+68     	; 0xd16 <__vector_11+0x176>
     cd2:	d1 11       	cpse	r29, r1
     cd4:	8c c0       	rjmp	.+280    	; 0xdee <__vector_11+0x24e>
			usb_configuration = wValue;
     cd6:	00 93 f4 01 	sts	0x01F4, r16	; 0x8001f4 <usb_configuration>
			cdc_line_rtsdtr = 0;
     cda:	10 92 f2 01 	sts	0x01F2, r1	; 0x8001f2 <cdc_line_rtsdtr>
			transmit_flush_timer = 0;
     cde:	10 92 c6 01 	sts	0x01C6, r1	; 0x8001c6 <transmit_flush_timer>
{
	while (!(UEINTX & (1<<TXINI))) ;
}
static inline void usb_send_in(void)
{
	UEINTX = ~(1<<TXINI);
     ce2:	8e ef       	ldi	r24, 0xFE	; 254
     ce4:	80 93 e8 00 	sts	0x00E8, r24	; 0x8000e8 <__DATA_REGION_ORIGIN__+0x88>
			usb_configuration = wValue;
			cdc_line_rtsdtr = 0;
			transmit_flush_timer = 0;
			usb_send_in();
			cfg = endpoint_config_table;
			for (i=1; i<7; i++) {
     ce8:	81 e0       	ldi	r24, 0x01	; 1
		if (bRequest == SET_CONFIGURATION && bmRequestType == 0) {
			usb_configuration = wValue;
			cdc_line_rtsdtr = 0;
			transmit_flush_timer = 0;
			usb_send_in();
			cfg = endpoint_config_table;
     cea:	e7 e5       	ldi	r30, 0x57	; 87
     cec:	f3 e0       	ldi	r31, 0x03	; 3
			for (i=1; i<7; i++) {
				UENUM = i;
				//pgm_read_byte_postinc(en, cfg);
				//UECONX = en;
				UECONX = 1;
     cee:	21 e0       	ldi	r18, 0x01	; 1
			cdc_line_rtsdtr = 0;
			transmit_flush_timer = 0;
			usb_send_in();
			cfg = endpoint_config_table;
			for (i=1; i<7; i++) {
				UENUM = i;
     cf0:	80 93 e9 00 	sts	0x00E9, r24	; 0x8000e9 <__DATA_REGION_ORIGIN__+0x89>
				//pgm_read_byte_postinc(en, cfg);
				//UECONX = en;
				UECONX = 1;
     cf4:	20 93 eb 00 	sts	0x00EB, r18	; 0x8000eb <__DATA_REGION_ORIGIN__+0x8b>
				//if (en) {
				pgm_read_byte_postinc(UECFG0X, cfg);
     cf8:	95 91       	lpm	r25, Z+
     cfa:	90 93 ec 00 	sts	0x00EC, r25	; 0x8000ec <__DATA_REGION_ORIGIN__+0x8c>
				pgm_read_byte_postinc(UECFG1X, cfg);
     cfe:	95 91       	lpm	r25, Z+
     d00:	90 93 ed 00 	sts	0x00ED, r25	; 0x8000ed <__DATA_REGION_ORIGIN__+0x8d>
			usb_configuration = wValue;
			cdc_line_rtsdtr = 0;
			transmit_flush_timer = 0;
			usb_send_in();
			cfg = endpoint_config_table;
			for (i=1; i<7; i++) {
     d04:	8f 5f       	subi	r24, 0xFF	; 255
     d06:	87 30       	cpi	r24, 0x07	; 7
     d08:	99 f7       	brne	.-26     	; 0xcf0 <__vector_11+0x150>
				//if (en) {
				pgm_read_byte_postinc(UECFG0X, cfg);
				pgm_read_byte_postinc(UECFG1X, cfg);
				//}
			}
        		UERST = 0x1E;
     d0a:	8e e1       	ldi	r24, 0x1E	; 30
				UENUM = i;
				if (bRequest == SET_FEATURE) {
					UECONX = (1<<STALLRQ)|(1<<EPEN);
				} else {
					UECONX = (1<<STALLRQC)|(1<<RSTDT)|(1<<EPEN);
					UERST = (1 << i);
     d0c:	80 93 ea 00 	sts	0x00EA, r24	; 0x8000ea <__DATA_REGION_ORIGIN__+0x8a>
					UERST = 0;
     d10:	10 92 ea 00 	sts	0x00EA, r1	; 0x8000ea <__DATA_REGION_ORIGIN__+0x8a>
     d14:	b2 cf       	rjmp	.-156    	; 0xc7a <__vector_11+0xda>
			}
        		UERST = 0x1E;
        		UERST = 0;
			return;
		}
		if (bRequest == GET_CONFIGURATION && bmRequestType == 0x80) {
     d16:	c8 30       	cpi	r28, 0x08	; 8
     d18:	49 f4       	brne	.+18     	; 0xd2c <__vector_11+0x18c>
     d1a:	d0 38       	cpi	r29, 0x80	; 128
     d1c:	09 f0       	breq	.+2      	; 0xd20 <__vector_11+0x180>
			usb_wait_in_ready();
     d1e:	67 c0       	rjmp	.+206    	; 0xdee <__vector_11+0x24e>
     d20:	3a de       	rcall	.-908    	; 0x996 <usb_wait_in_ready>
			UEDATX = usb_configuration;
     d22:	80 91 f4 01 	lds	r24, 0x01F4	; 0x8001f4 <usb_configuration>
                                        usb_send_in();
                                        return;
                                }
                                if (bRequest == HID_GET_PROTOCOL) {
                                        usb_wait_in_ready();
                                        UEDATX = mouse_protocol;
     d26:	80 93 f1 00 	sts	0x00F1, r24	; 0x8000f1 <__DATA_REGION_ORIGIN__+0x91>
     d2a:	10 c0       	rjmp	.+32     	; 0xd4c <__vector_11+0x1ac>
			usb_wait_in_ready();
			UEDATX = usb_configuration;
			usb_send_in();
			return;
		}
		if (bRequest == CDC_GET_LINE_CODING /* 0x21 */ && bmRequestType == 0xA1) {
     d2c:	c1 32       	cpi	r28, 0x21	; 33
     d2e:	91 f4       	brne	.+36     	; 0xd54 <__vector_11+0x1b4>
     d30:	d1 3a       	cpi	r29, 0xA1	; 161
     d32:	09 f0       	breq	.+2      	; 0xd36 <__vector_11+0x196>
			usb_wait_in_ready();
     d34:	0a c1       	rjmp	.+532    	; 0xf4a <__vector_11+0x3aa>
     d36:	2f de       	rcall	.-930    	; 0x996 <usb_wait_in_ready>
			p = cdc_line_coding;
     d38:	ea e2       	ldi	r30, 0x2A	; 42
     d3a:	f1 e0       	ldi	r31, 0x01	; 1
			for (i=0; i<7; i++) {
				UEDATX = *p++;
     d3c:	80 81       	ld	r24, Z
     d3e:	80 93 f1 00 	sts	0x00F1, r24	; 0x8000f1 <__DATA_REGION_ORIGIN__+0x91>
     d42:	31 96       	adiw	r30, 0x01	; 1
			return;
		}
		if (bRequest == CDC_GET_LINE_CODING /* 0x21 */ && bmRequestType == 0xA1) {
			usb_wait_in_ready();
			p = cdc_line_coding;
			for (i=0; i<7; i++) {
     d44:	81 e0       	ldi	r24, 0x01	; 1
     d46:	e1 33       	cpi	r30, 0x31	; 49
     d48:	f8 07       	cpc	r31, r24
     d4a:	c1 f7       	brne	.-16     	; 0xd3c <__vector_11+0x19c>
{
	while (!(UEINTX & (1<<TXINI))) ;
}
static inline void usb_send_in(void)
{
	UEINTX = ~(1<<TXINI);
     d4c:	8e ef       	ldi	r24, 0xFE	; 254
     d4e:	80 93 e8 00 	sts	0x00E8, r24	; 0x8000e8 <__DATA_REGION_ORIGIN__+0x88>
     d52:	93 cf       	rjmp	.-218    	; 0xc7a <__vector_11+0xda>
				UEDATX = *p++;
			}
			usb_send_in();
			return;
		}
		if (bRequest == CDC_SET_LINE_CODING /* 0x20 */ && bmRequestType == 0x21) {
     d54:	c0 32       	cpi	r28, 0x20	; 32
     d56:	09 f0       	breq	.+2      	; 0xd5a <__vector_11+0x1ba>
     d58:	3e c0       	rjmp	.+124    	; 0xdd6 <__vector_11+0x236>
     d5a:	d1 32       	cpi	r29, 0x21	; 33
     d5c:	09 f0       	breq	.+2      	; 0xd60 <__vector_11+0x1c0>
     d5e:	47 c0       	rjmp	.+142    	; 0xdee <__vector_11+0x24e>
{
	UEINTX = ~(1<<TXINI);
}
static inline void usb_wait_receive_out(void)
{
	while (!(UEINTX & (1<<RXOUTI))) ;
     d60:	80 91 e8 00 	lds	r24, 0x00E8	; 0x8000e8 <__DATA_REGION_ORIGIN__+0x88>
     d64:	82 ff       	sbrs	r24, 2
     d66:	fc cf       	rjmp	.-8      	; 0xd60 <__vector_11+0x1c0>
			usb_send_in();
			return;
		}
		if (bRequest == CDC_SET_LINE_CODING /* 0x20 */ && bmRequestType == 0x21) {
			usb_wait_receive_out();
			p = cdc_line_coding;
     d68:	ea e2       	ldi	r30, 0x2A	; 42
     d6a:	f1 e0       	ldi	r31, 0x01	; 1
			for (i=0; i<7; i++) {
				*p++ = UEDATX;
     d6c:	80 91 f1 00 	lds	r24, 0x00F1	; 0x8000f1 <__DATA_REGION_ORIGIN__+0x91>
     d70:	80 83       	st	Z, r24
     d72:	31 96       	adiw	r30, 0x01	; 1
			return;
		}
		if (bRequest == CDC_SET_LINE_CODING /* 0x20 */ && bmRequestType == 0x21) {
			usb_wait_receive_out();
			p = cdc_line_coding;
			for (i=0; i<7; i++) {
     d74:	91 e0       	ldi	r25, 0x01	; 1
     d76:	e1 33       	cpi	r30, 0x31	; 49
     d78:	f9 07       	cpc	r31, r25
     d7a:	c1 f7       	brne	.-16     	; 0xd6c <__vector_11+0x1cc>
{
	while (!(UEINTX & (1<<RXOUTI))) ;
}
static inline void usb_ack_out(void)
{
	UEINTX = ~(1<<RXOUTI);
     d7c:	8b ef       	ldi	r24, 0xFB	; 251
     d7e:	80 93 e8 00 	sts	0x00E8, r24	; 0x8000e8 <__DATA_REGION_ORIGIN__+0x88>
{
	while (!(UEINTX & (1<<TXINI))) ;
}
static inline void usb_send_in(void)
{
	UEINTX = ~(1<<TXINI);
     d82:	8e ef       	ldi	r24, 0xFE	; 254
     d84:	80 93 e8 00 	sts	0x00E8, r24	; 0x8000e8 <__DATA_REGION_ORIGIN__+0x88>
			for (i=0; i<7; i++) {
				*p++ = UEDATX;
			}
			usb_ack_out();
			usb_send_in();
			if (*(long *)cdc_line_coding == 134L) reboot_timer = 15;
     d88:	80 91 2a 01 	lds	r24, 0x012A	; 0x80012a <cdc_line_coding>
     d8c:	90 91 2b 01 	lds	r25, 0x012B	; 0x80012b <cdc_line_coding+0x1>
     d90:	a0 91 2c 01 	lds	r26, 0x012C	; 0x80012c <cdc_line_coding+0x2>
     d94:	b0 91 2d 01 	lds	r27, 0x012D	; 0x80012d <cdc_line_coding+0x3>
     d98:	86 38       	cpi	r24, 0x86	; 134
     d9a:	91 05       	cpc	r25, r1
     d9c:	a1 05       	cpc	r26, r1
     d9e:	b1 05       	cpc	r27, r1
     da0:	21 f4       	brne	.+8      	; 0xdaa <__vector_11+0x20a>
     da2:	8f e0       	ldi	r24, 0x0F	; 15
     da4:	80 93 c5 01 	sts	0x01C5, r24	; 0x8001c5 <reboot_timer>
     da8:	68 cf       	rjmp	.-304    	; 0xc7a <__vector_11+0xda>
			if (*(long *)cdc_line_coding == 150L) {
     daa:	86 39       	cpi	r24, 0x96	; 150
     dac:	91 05       	cpc	r25, r1
     dae:	a1 05       	cpc	r26, r1
     db0:	b1 05       	cpc	r27, r1
     db2:	09 f0       	breq	.+2      	; 0xdb6 <__vector_11+0x216>
     db4:	62 cf       	rjmp	.-316    	; 0xc7a <__vector_11+0xda>
				UENUM = CDC_TX_ENDPOINT;
     db6:	84 e0       	ldi	r24, 0x04	; 4
     db8:	80 93 e9 00 	sts	0x00E9, r24	; 0x8000e9 <__DATA_REGION_ORIGIN__+0x89>
				while (UESTA0X & 0x03) {
					UEINTX = 0xFF;
     dbc:	9f ef       	ldi	r25, 0xFF	; 255
			usb_ack_out();
			usb_send_in();
			if (*(long *)cdc_line_coding == 134L) reboot_timer = 15;
			if (*(long *)cdc_line_coding == 150L) {
				UENUM = CDC_TX_ENDPOINT;
				while (UESTA0X & 0x03) {
     dbe:	80 91 ee 00 	lds	r24, 0x00EE	; 0x8000ee <__DATA_REGION_ORIGIN__+0x8e>
     dc2:	83 70       	andi	r24, 0x03	; 3
					UEINTX = 0xFF;
					while (UEINTX & 0x04) /* TODO: timeout? */ ;
				}
				_restart_Teensyduino_();
     dc4:	09 f4       	brne	.+2      	; 0xdc8 <__vector_11+0x228>
     dc6:	64 dd       	rcall	.-1336   	; 0x890 <_restart_Teensyduino_>
			usb_send_in();
			if (*(long *)cdc_line_coding == 134L) reboot_timer = 15;
			if (*(long *)cdc_line_coding == 150L) {
				UENUM = CDC_TX_ENDPOINT;
				while (UESTA0X & 0x03) {
					UEINTX = 0xFF;
     dc8:	90 93 e8 00 	sts	0x00E8, r25	; 0x8000e8 <__DATA_REGION_ORIGIN__+0x88>
					while (UEINTX & 0x04) /* TODO: timeout? */ ;
     dcc:	80 91 e8 00 	lds	r24, 0x00E8	; 0x8000e8 <__DATA_REGION_ORIGIN__+0x88>
     dd0:	82 fd       	sbrc	r24, 2
     dd2:	fc cf       	rjmp	.-8      	; 0xdcc <__vector_11+0x22c>
     dd4:	f4 cf       	rjmp	.-24     	; 0xdbe <__vector_11+0x21e>
				}
				_restart_Teensyduino_();
			}
			return;
		}
		if (bRequest == CDC_SET_CONTROL_LINE_STATE /* 0x22 */ && bmRequestType == 0x21) {
     dd6:	c2 32       	cpi	r28, 0x22	; 34
     dd8:	31 f4       	brne	.+12     	; 0xde6 <__vector_11+0x246>
     dda:	d1 32       	cpi	r29, 0x21	; 33
			cdc_line_rtsdtr = wValue;
     ddc:	41 f4       	brne	.+16     	; 0xdee <__vector_11+0x24e>
     dde:	00 93 f2 01 	sts	0x01F2, r16	; 0x8001f2 <cdc_line_rtsdtr>
			usb_wait_in_ready();
			usb_send_in();
			return;
		}
		if (bRequest == CDC_SEND_BREAK /* 0x23 */ && bmRequestType == 0x21) {
			usb_wait_in_ready();
     de2:	d9 dd       	rcall	.-1102   	; 0x996 <usb_wait_in_ready>
     de4:	b3 cf       	rjmp	.-154    	; 0xd4c <__vector_11+0x1ac>
			cdc_line_rtsdtr = wValue;
			usb_wait_in_ready();
			usb_send_in();
			return;
		}
		if (bRequest == CDC_SEND_BREAK /* 0x23 */ && bmRequestType == 0x21) {
     de6:	c3 32       	cpi	r28, 0x23	; 35
     de8:	c1 f4       	brne	.+48     	; 0xe1a <__vector_11+0x27a>
     dea:	d1 32       	cpi	r29, 0x21	; 33
     dec:	d1 f3       	breq	.-12     	; 0xde2 <__vector_11+0x242>
					UERST = 0;
				}
				return;
			}
		}
                if (wIndex == KEYBOARD_INTERFACE) {
     dee:	82 e0       	ldi	r24, 0x02	; 2
     df0:	e8 16       	cp	r14, r24
     df2:	f1 04       	cpc	r15, r1
     df4:	09 f0       	breq	.+2      	; 0xdf8 <__vector_11+0x258>
     df6:	95 c0       	rjmp	.+298    	; 0xf22 <__vector_11+0x382>
                        if (bmRequestType == 0xA1) {
     df8:	d1 3a       	cpi	r29, 0xA1	; 161
     dfa:	09 f0       	breq	.+2      	; 0xdfe <__vector_11+0x25e>
                                if (bRequest == HID_GET_REPORT) {
     dfc:	51 c0       	rjmp	.+162    	; 0xea0 <__vector_11+0x300>
     dfe:	c1 30       	cpi	r28, 0x01	; 1
     e00:	09 f0       	breq	.+2      	; 0xe04 <__vector_11+0x264>
                                        usb_wait_in_ready();
     e02:	41 c0       	rjmp	.+130    	; 0xe86 <__vector_11+0x2e6>
     e04:	c8 dd       	rcall	.-1136   	; 0x996 <usb_wait_in_ready>
     e06:	ea ee       	ldi	r30, 0xEA	; 234
     e08:	f1 e0       	ldi	r31, 0x01	; 1
                                        //len = keyboard_protocol ? sizeof(keyboard_keys) : 8;
                                        for (i=0; i < 8; i++) {
                                                UEDATX = keyboard_report_data[i];
     e0a:	81 91       	ld	r24, Z+
     e0c:	80 93 f1 00 	sts	0x00F1, r24	; 0x8000f1 <__DATA_REGION_ORIGIN__+0x91>
                if (wIndex == KEYBOARD_INTERFACE) {
                        if (bmRequestType == 0xA1) {
                                if (bRequest == HID_GET_REPORT) {
                                        usb_wait_in_ready();
                                        //len = keyboard_protocol ? sizeof(keyboard_keys) : 8;
                                        for (i=0; i < 8; i++) {
     e10:	91 e0       	ldi	r25, 0x01	; 1
     e12:	e2 3f       	cpi	r30, 0xF2	; 242
     e14:	f9 07       	cpc	r31, r25
     e16:	c9 f7       	brne	.-14     	; 0xe0a <__vector_11+0x26a>
		if (bRequest == CDC_SEND_BREAK /* 0x23 */ && bmRequestType == 0x21) {
			usb_wait_in_ready();
			usb_send_in();
			return;
		}
		if (bRequest == GET_STATUS) {
     e18:	99 cf       	rjmp	.-206    	; 0xd4c <__vector_11+0x1ac>
     e1a:	c1 11       	cpse	r28, r1
			usb_wait_in_ready();
     e1c:	11 c0       	rjmp	.+34     	; 0xe40 <__vector_11+0x2a0>
     e1e:	bb dd       	rcall	.-1162   	; 0x996 <usb_wait_in_ready>
			i = 0;
			if (bmRequestType == 0x82) {
     e20:	d2 38       	cpi	r29, 0x82	; 130
     e22:	49 f4       	brne	.+18     	; 0xe36 <__vector_11+0x296>
				UENUM = wIndex;
     e24:	e0 92 e9 00 	sts	0x00E9, r14	; 0x8000e9 <__DATA_REGION_ORIGIN__+0x89>
				if (UECONX & (1<<STALLRQ)) i = 1;
     e28:	c0 91 eb 00 	lds	r28, 0x00EB	; 0x8000eb <__DATA_REGION_ORIGIN__+0x8b>
     e2c:	c5 fb       	bst	r28, 5
     e2e:	cc 27       	eor	r28, r28
     e30:	c0 f9       	bld	r28, 0
				UENUM = 0;
     e32:	10 92 e9 00 	sts	0x00E9, r1	; 0x8000e9 <__DATA_REGION_ORIGIN__+0x89>
			}
			UEDATX = i;
     e36:	c0 93 f1 00 	sts	0x00F1, r28	; 0x8000f1 <__DATA_REGION_ORIGIN__+0x91>
                                        usb_wait_in_ready();
                                        UEDATX = mouse_buttons;
                                        UEDATX = 0;
                                        UEDATX = 0;
                                        UEDATX = 0;
                                        UEDATX = 0;
     e3a:	10 92 f1 00 	sts	0x00F1, r1	; 0x8000f1 <__DATA_REGION_ORIGIN__+0x91>
     e3e:	86 cf       	rjmp	.-244    	; 0xd4c <__vector_11+0x1ac>
			UEDATX = i;
			UEDATX = 0;
			usb_send_in();
			return;
		}
		if ((bRequest == CLEAR_FEATURE || bRequest == SET_FEATURE)
     e40:	8c 2f       	mov	r24, r28
     e42:	8d 7f       	andi	r24, 0xFD	; 253
     e44:	81 30       	cpi	r24, 0x01	; 1
     e46:	99 f6       	brne	.-90     	; 0xdee <__vector_11+0x24e>
		  && bmRequestType == 0x02 && wValue == 0) {
     e48:	d2 30       	cpi	r29, 0x02	; 2
     e4a:	89 f6       	brne	.-94     	; 0xdee <__vector_11+0x24e>
     e4c:	01 15       	cp	r16, r1
     e4e:	11 05       	cpc	r17, r1
     e50:	09 f0       	breq	.+2      	; 0xe54 <__vector_11+0x2b4>
     e52:	62 c0       	rjmp	.+196    	; 0xf18 <__vector_11+0x378>
			i = wIndex & 0x7F;
     e54:	2e 2d       	mov	r18, r14
     e56:	2f 77       	andi	r18, 0x7F	; 127
			if (i >= 1 && i <= MAX_ENDPOINT) {
     e58:	8f ef       	ldi	r24, 0xFF	; 255
     e5a:	82 0f       	add	r24, r18
     e5c:	86 30       	cpi	r24, 0x06	; 6
     e5e:	08 f0       	brcs	.+2      	; 0xe62 <__vector_11+0x2c2>
     e60:	5b c0       	rjmp	.+182    	; 0xf18 <__vector_11+0x378>
{
	while (!(UEINTX & (1<<TXINI))) ;
}
static inline void usb_send_in(void)
{
	UEINTX = ~(1<<TXINI);
     e62:	8e ef       	ldi	r24, 0xFE	; 254
     e64:	80 93 e8 00 	sts	0x00E8, r24	; 0x8000e8 <__DATA_REGION_ORIGIN__+0x88>
		if ((bRequest == CLEAR_FEATURE || bRequest == SET_FEATURE)
		  && bmRequestType == 0x02 && wValue == 0) {
			i = wIndex & 0x7F;
			if (i >= 1 && i <= MAX_ENDPOINT) {
				usb_send_in();
				UENUM = i;
     e68:	20 93 e9 00 	sts	0x00E9, r18	; 0x8000e9 <__DATA_REGION_ORIGIN__+0x89>
				if (bRequest == SET_FEATURE) {
     e6c:	c3 30       	cpi	r28, 0x03	; 3
     e6e:	09 f4       	brne	.+2      	; 0xe72 <__vector_11+0x2d2>
     e70:	d5 ce       	rjmp	.-598    	; 0xc1c <__vector_11+0x7c>
					UECONX = (1<<STALLRQ)|(1<<EPEN);
				} else {
					UECONX = (1<<STALLRQC)|(1<<RSTDT)|(1<<EPEN);
     e72:	89 e1       	ldi	r24, 0x19	; 25
     e74:	80 93 eb 00 	sts	0x00EB, r24	; 0x8000eb <__DATA_REGION_ORIGIN__+0x8b>
					UERST = (1 << i);
     e78:	81 e0       	ldi	r24, 0x01	; 1
     e7a:	90 e0       	ldi	r25, 0x00	; 0
     e7c:	01 c0       	rjmp	.+2      	; 0xe80 <__vector_11+0x2e0>
     e7e:	88 0f       	add	r24, r24
     e80:	2a 95       	dec	r18
     e82:	ea f7       	brpl	.-6      	; 0xe7e <__vector_11+0x2de>
                                                UEDATX = keyboard_report_data[i];
                                        }
                                        usb_send_in();
                                        return;
                                }
                                if (bRequest == HID_GET_IDLE) {
     e84:	43 cf       	rjmp	.-378    	; 0xd0c <__vector_11+0x16c>
     e86:	c2 30       	cpi	r28, 0x02	; 2
                                        usb_wait_in_ready();
     e88:	21 f4       	brne	.+8      	; 0xe92 <__vector_11+0x2f2>
                                        UEDATX = keyboard_idle_config;
     e8a:	85 dd       	rcall	.-1270   	; 0x996 <usb_wait_in_ready>
     e8c:	80 91 e8 01 	lds	r24, 0x01E8	; 0x8001e8 <keyboard_idle_config>
                                        usb_send_in();
                                        return;
                                }
                                if (bRequest == HID_GET_PROTOCOL) {
     e90:	4a cf       	rjmp	.-364    	; 0xd26 <__vector_11+0x186>
     e92:	c3 30       	cpi	r28, 0x03	; 3
     e94:	09 f0       	breq	.+2      	; 0xe98 <__vector_11+0x2f8>
                                        usb_wait_in_ready();
     e96:	c2 ce       	rjmp	.-636    	; 0xc1c <__vector_11+0x7c>
     e98:	7e dd       	rcall	.-1284   	; 0x996 <usb_wait_in_ready>
                                        UEDATX = keyboard_protocol;
     e9a:	80 91 e9 01 	lds	r24, 0x01E9	; 0x8001e9 <keyboard_protocol>
     e9e:	43 cf       	rjmp	.-378    	; 0xd26 <__vector_11+0x186>
                                        usb_send_in();
                                        return;
                                }
                        }
                        if (bmRequestType == 0x21) {
     ea0:	d1 32       	cpi	r29, 0x21	; 33
     ea2:	09 f0       	breq	.+2      	; 0xea6 <__vector_11+0x306>
     ea4:	bb ce       	rjmp	.-650    	; 0xc1c <__vector_11+0x7c>
                                if (bRequest == HID_SET_REPORT) {
     ea6:	c9 30       	cpi	r28, 0x09	; 9
     ea8:	61 f4       	brne	.+24     	; 0xec2 <__vector_11+0x322>
{
	UEINTX = ~(1<<TXINI);
}
static inline void usb_wait_receive_out(void)
{
	while (!(UEINTX & (1<<RXOUTI))) ;
     eaa:	80 91 e8 00 	lds	r24, 0x00E8	; 0x8000e8 <__DATA_REGION_ORIGIN__+0x88>
     eae:	82 ff       	sbrs	r24, 2
     eb0:	fc cf       	rjmp	.-8      	; 0xeaa <__vector_11+0x30a>
                                }
                        }
                        if (bmRequestType == 0x21) {
                                if (bRequest == HID_SET_REPORT) {
                                        usb_wait_receive_out();
                                        keyboard_leds = UEDATX;
     eb2:	80 91 f1 00 	lds	r24, 0x00F1	; 0x8000f1 <__DATA_REGION_ORIGIN__+0x91>
     eb6:	80 93 e6 01 	sts	0x01E6, r24	; 0x8001e6 <keyboard_leds>
{
	while (!(UEINTX & (1<<RXOUTI))) ;
}
static inline void usb_ack_out(void)
{
	UEINTX = ~(1<<RXOUTI);
     eba:	8b ef       	ldi	r24, 0xFB	; 251
     ebc:	80 93 e8 00 	sts	0x00E8, r24	; 0x8000e8 <__DATA_REGION_ORIGIN__+0x88>
     ec0:	45 cf       	rjmp	.-374    	; 0xd4c <__vector_11+0x1ac>
                                        keyboard_leds = UEDATX;
                                        usb_ack_out();
                                        usb_send_in();
                                        return;
                                }
                                if (bRequest == HID_SET_IDLE) {
     ec2:	ca 30       	cpi	r28, 0x0A	; 10
     ec4:	29 f4       	brne	.+10     	; 0xed0 <__vector_11+0x330>
                                        keyboard_idle_config = (wValue >> 8);
     ec6:	10 93 e8 01 	sts	0x01E8, r17	; 0x8001e8 <keyboard_idle_config>
                                        keyboard_idle_count = 0;
     eca:	10 92 e7 01 	sts	0x01E7, r1	; 0x8001e7 <keyboard_idle_count>
     ece:	3e cf       	rjmp	.-388    	; 0xd4c <__vector_11+0x1ac>
                                        //usb_wait_in_ready();
                                        usb_send_in();
                                        return;
                                }
                                if (bRequest == HID_SET_PROTOCOL) {
     ed0:	cb 30       	cpi	r28, 0x0B	; 11
     ed2:	09 f0       	breq	.+2      	; 0xed6 <__vector_11+0x336>
                                        keyboard_protocol = wValue;
     ed4:	a3 ce       	rjmp	.-698    	; 0xc1c <__vector_11+0x7c>
     ed6:	00 93 e9 01 	sts	0x01E9, r16	; 0x8001e9 <keyboard_protocol>
                                        UEDATX = 0;
                                        UEDATX = 0;
                                        usb_send_in();
                                        return;
                                }
                                if (bRequest == HID_GET_PROTOCOL) {
     eda:	38 cf       	rjmp	.-400    	; 0xd4c <__vector_11+0x1ac>
     edc:	c3 30       	cpi	r28, 0x03	; 3
     ede:	09 f0       	breq	.+2      	; 0xee2 <__vector_11+0x342>
                                        usb_wait_in_ready();
     ee0:	9d ce       	rjmp	.-710    	; 0xc1c <__vector_11+0x7c>
     ee2:	59 dd       	rcall	.-1358   	; 0x996 <usb_wait_in_ready>
                                        UEDATX = mouse_protocol;
     ee4:	80 91 e4 01 	lds	r24, 0x01E4	; 0x8001e4 <mouse_protocol>
     ee8:	1e cf       	rjmp	.-452    	; 0xd26 <__vector_11+0x186>
                                        usb_send_in();
                                        return;
                                }
                        }
                }
                if (wIndex == JOYSTICK_INTERFACE) {
     eea:	94 e0       	ldi	r25, 0x04	; 4
     eec:	e9 16       	cp	r14, r25
     eee:	f1 04       	cpc	r15, r1
     ef0:	09 f0       	breq	.+2      	; 0xef4 <__vector_11+0x354>
                        if (bmRequestType == 0xA1) {
     ef2:	94 ce       	rjmp	.-728    	; 0xc1c <__vector_11+0x7c>
     ef4:	d1 3a       	cpi	r29, 0xA1	; 161
     ef6:	09 f0       	breq	.+2      	; 0xefa <__vector_11+0x35a>
                                if (bRequest == HID_GET_REPORT) {
     ef8:	91 ce       	rjmp	.-734    	; 0xc1c <__vector_11+0x7c>
     efa:	c1 30       	cpi	r28, 0x01	; 1
     efc:	09 f0       	breq	.+2      	; 0xf00 <__vector_11+0x360>
                                        usb_wait_in_ready();
     efe:	8e ce       	rjmp	.-740    	; 0xc1c <__vector_11+0x7c>
     f00:	4a dd       	rcall	.-1388   	; 0x996 <usb_wait_in_ready>
     f02:	e8 ed       	ldi	r30, 0xD8	; 216
     f04:	f1 e0       	ldi	r31, 0x01	; 1
     f06:	84 ee       	ldi	r24, 0xE4	; 228
     f08:	91 e0       	ldi	r25, 0x01	; 1
                                        for (i=0; i<12; i++) {
                                                UEDATX = joystick_report_data[i];
     f0a:	21 91       	ld	r18, Z+
     f0c:	20 93 f1 00 	sts	0x00F1, r18	; 0x8000f1 <__DATA_REGION_ORIGIN__+0x91>
                }
                if (wIndex == JOYSTICK_INTERFACE) {
                        if (bmRequestType == 0xA1) {
                                if (bRequest == HID_GET_REPORT) {
                                        usb_wait_in_ready();
                                        for (i=0; i<12; i++) {
     f10:	8e 17       	cp	r24, r30
     f12:	9f 07       	cpc	r25, r31
     f14:	d1 f7       	brne	.-12     	; 0xf0a <__vector_11+0x36a>
     f16:	1a cf       	rjmp	.-460    	; 0xd4c <__vector_11+0x1ac>
					UERST = 0;
				}
				return;
			}
		}
                if (wIndex == KEYBOARD_INTERFACE) {
     f18:	82 e0       	ldi	r24, 0x02	; 2
     f1a:	e8 16       	cp	r14, r24
     f1c:	f1 04       	cpc	r15, r1
     f1e:	09 f4       	brne	.+2      	; 0xf22 <__vector_11+0x382>
                                        usb_send_in();
                                        return;
                                }
                        }
                }
                if (wIndex == MOUSE_INTERFACE) {
     f20:	7d ce       	rjmp	.-774    	; 0xc1c <__vector_11+0x7c>
     f22:	83 e0       	ldi	r24, 0x03	; 3
     f24:	e8 16       	cp	r14, r24
     f26:	f1 04       	cpc	r15, r1
                        if (bmRequestType == 0xA1) {
     f28:	01 f7       	brne	.-64     	; 0xeea <__vector_11+0x34a>
     f2a:	d1 3a       	cpi	r29, 0xA1	; 161
                                if (bRequest == HID_GET_REPORT) {
     f2c:	b9 f4       	brne	.+46     	; 0xf5c <__vector_11+0x3bc>
     f2e:	c1 30       	cpi	r28, 0x01	; 1
                                        usb_wait_in_ready();
     f30:	a9 f6       	brne	.-86     	; 0xedc <__vector_11+0x33c>
     f32:	31 dd       	rcall	.-1438   	; 0x996 <usb_wait_in_ready>
                                        UEDATX = mouse_buttons;
     f34:	80 91 e5 01 	lds	r24, 0x01E5	; 0x8001e5 <mouse_buttons>
     f38:	80 93 f1 00 	sts	0x00F1, r24	; 0x8000f1 <__DATA_REGION_ORIGIN__+0x91>
                                        UEDATX = 0;
     f3c:	10 92 f1 00 	sts	0x00F1, r1	; 0x8000f1 <__DATA_REGION_ORIGIN__+0x91>
                                        UEDATX = 0;
     f40:	10 92 f1 00 	sts	0x00F1, r1	; 0x8000f1 <__DATA_REGION_ORIGIN__+0x91>
                                        UEDATX = 0;
     f44:	10 92 f1 00 	sts	0x00F1, r1	; 0x8000f1 <__DATA_REGION_ORIGIN__+0x91>
     f48:	78 cf       	rjmp	.-272    	; 0xe3a <__vector_11+0x29a>
					UERST = 0;
				}
				return;
			}
		}
                if (wIndex == KEYBOARD_INTERFACE) {
     f4a:	92 e0       	ldi	r25, 0x02	; 2
     f4c:	e9 16       	cp	r14, r25
     f4e:	f1 04       	cpc	r15, r1
     f50:	09 f4       	brne	.+2      	; 0xf54 <__vector_11+0x3b4>
     f52:	a6 cf       	rjmp	.-180    	; 0xea0 <__vector_11+0x300>
                                        usb_send_in();
                                        return;
                                }
                        }
                }
                if (wIndex == MOUSE_INTERFACE) {
     f54:	83 e0       	ldi	r24, 0x03	; 3
     f56:	e8 16       	cp	r14, r24
     f58:	f1 04       	cpc	r15, r1
     f5a:	39 f6       	brne	.-114    	; 0xeea <__vector_11+0x34a>
                                        UEDATX = mouse_protocol;
                                        usb_send_in();
                                        return;
                                }
                        }
                        if (bmRequestType == 0x21) {
     f5c:	d1 32       	cpi	r29, 0x21	; 33
     f5e:	09 f0       	breq	.+2      	; 0xf62 <__vector_11+0x3c2>
     f60:	5d ce       	rjmp	.-838    	; 0xc1c <__vector_11+0x7c>
                                if (bRequest == HID_SET_PROTOCOL) {
     f62:	cb 30       	cpi	r28, 0x0B	; 11
     f64:	09 f0       	breq	.+2      	; 0xf68 <__vector_11+0x3c8>
     f66:	5a ce       	rjmp	.-844    	; 0xc1c <__vector_11+0x7c>
                                        mouse_protocol = wValue;
     f68:	00 93 e4 01 	sts	0x01E4, r16	; 0x8001e4 <mouse_protocol>
     f6c:	ef ce       	rjmp	.-546    	; 0xd4c <__vector_11+0x1ac>

00000f6e <usb_serial_class::write(unsigned char)>:
        UEDATX = joystick_report_data[9];
        UEDATX = joystick_report_data[10];
        UEDATX = joystick_report_data[11];
        UEINTX = 0x3A;
        SREG = intr_state;
}
     f6e:	cf 93       	push	r28
     f70:	df 93       	push	r29
     f72:	1f 92       	push	r1
     f74:	cd b7       	in	r28, 0x3d	; 61
     f76:	de b7       	in	r29, 0x3e	; 62
     f78:	69 83       	std	Y+1, r22	; 0x01
     f7a:	dc 01       	movw	r26, r24
     f7c:	ed 91       	ld	r30, X+
     f7e:	fc 91       	ld	r31, X
     f80:	02 80       	ldd	r0, Z+2	; 0x02
     f82:	f3 81       	ldd	r31, Z+3	; 0x03
     f84:	e0 2d       	mov	r30, r0
     f86:	41 e0       	ldi	r20, 0x01	; 1
     f88:	50 e0       	ldi	r21, 0x00	; 0
     f8a:	be 01       	movw	r22, r28
     f8c:	6f 5f       	subi	r22, 0xFF	; 255
     f8e:	7f 4f       	sbci	r23, 0xFF	; 255
     f90:	09 95       	icall
     f92:	0f 90       	pop	r0
     f94:	df 91       	pop	r29
     f96:	cf 91       	pop	r28
     f98:	08 95       	ret

00000f9a <usb_serial_class::available()>:
     f9a:	fc 01       	movw	r30, r24
     f9c:	8f b7       	in	r24, 0x3f	; 63
     f9e:	f8 94       	cli
     fa0:	90 91 f4 01 	lds	r25, 0x01F4	; 0x8001f4 <usb_configuration>
     fa4:	91 11       	cpse	r25, r1
     fa6:	0c c0       	rjmp	.+24     	; 0xfc0 <usb_serial_class::available()+0x26>
     fa8:	90 e0       	ldi	r25, 0x00	; 0
     faa:	8f bf       	out	0x3f, r24	; 63
     fac:	20 85       	ldd	r18, Z+8	; 0x08
     fae:	31 85       	ldd	r19, Z+9	; 0x09
     fb0:	37 fd       	sbrc	r19, 7
     fb2:	03 c0       	rjmp	.+6      	; 0xfba <usb_serial_class::available()+0x20>
     fb4:	9f 3f       	cpi	r25, 0xFF	; 255
     fb6:	09 f0       	breq	.+2      	; 0xfba <usb_serial_class::available()+0x20>
     fb8:	9f 5f       	subi	r25, 0xFF	; 255
     fba:	89 2f       	mov	r24, r25
     fbc:	90 e0       	ldi	r25, 0x00	; 0
     fbe:	08 95       	ret
     fc0:	93 e0       	ldi	r25, 0x03	; 3
     fc2:	90 93 e9 00 	sts	0x00E9, r25	; 0x8000e9 <__DATA_REGION_ORIGIN__+0x89>
     fc6:	90 91 f2 00 	lds	r25, 0x00F2	; 0x8000f2 <__DATA_REGION_ORIGIN__+0x92>
     fca:	91 11       	cpse	r25, r1
     fcc:	ee cf       	rjmp	.-36     	; 0xfaa <usb_serial_class::available()+0x10>
     fce:	20 91 e8 00 	lds	r18, 0x00E8	; 0x8000e8 <__DATA_REGION_ORIGIN__+0x88>
     fd2:	22 ff       	sbrs	r18, 2
     fd4:	e9 cf       	rjmp	.-46     	; 0xfa8 <usb_serial_class::available()+0xe>
     fd6:	25 fd       	sbrc	r18, 5
     fd8:	e7 cf       	rjmp	.-50     	; 0xfa8 <usb_serial_class::available()+0xe>
     fda:	2b e6       	ldi	r18, 0x6B	; 107
     fdc:	20 93 e8 00 	sts	0x00E8, r18	; 0x8000e8 <__DATA_REGION_ORIGIN__+0x88>
     fe0:	e4 cf       	rjmp	.-56     	; 0xfaa <usb_serial_class::available()+0x10>

00000fe2 <usb_serial_class::peek()>:
     fe2:	cf 93       	push	r28
     fe4:	df 93       	push	r29
     fe6:	ec 01       	movw	r28, r24
     fe8:	88 85       	ldd	r24, Y+8	; 0x08
     fea:	99 85       	ldd	r25, Y+9	; 0x09
     fec:	97 ff       	sbrs	r25, 7
     fee:	09 c0       	rjmp	.+18     	; 0x1002 <usb_serial_class::peek()+0x20>
     ff0:	e8 81       	ld	r30, Y
     ff2:	f9 81       	ldd	r31, Y+1	; 0x01
     ff4:	02 84       	ldd	r0, Z+10	; 0x0a
     ff6:	f3 85       	ldd	r31, Z+11	; 0x0b
     ff8:	e0 2d       	mov	r30, r0
     ffa:	ce 01       	movw	r24, r28
     ffc:	09 95       	icall
     ffe:	99 87       	std	Y+9, r25	; 0x09
    1000:	88 87       	std	Y+8, r24	; 0x08
    1002:	88 85       	ldd	r24, Y+8	; 0x08
    1004:	99 85       	ldd	r25, Y+9	; 0x09
    1006:	df 91       	pop	r29
    1008:	cf 91       	pop	r28
    100a:	08 95       	ret

0000100c <usb_serial_class::flush()>:
    100c:	20 91 f4 01 	lds	r18, 0x01F4	; 0x8001f4 <usb_configuration>
    1010:	22 23       	and	r18, r18
    1012:	71 f0       	breq	.+28     	; 0x1030 <usb_serial_class::flush()+0x24>
    1014:	2f b7       	in	r18, 0x3f	; 63
    1016:	f8 94       	cli
    1018:	33 e0       	ldi	r19, 0x03	; 3
    101a:	30 93 e9 00 	sts	0x00E9, r19	; 0x8000e9 <__DATA_REGION_ORIGIN__+0x89>
    101e:	3b e6       	ldi	r19, 0x6B	; 107
    1020:	40 91 e8 00 	lds	r20, 0x00E8	; 0x8000e8 <__DATA_REGION_ORIGIN__+0x88>
    1024:	45 ff       	sbrs	r20, 5
    1026:	03 c0       	rjmp	.+6      	; 0x102e <usb_serial_class::flush()+0x22>
    1028:	30 93 e8 00 	sts	0x00E8, r19	; 0x8000e8 <__DATA_REGION_ORIGIN__+0x88>
    102c:	f9 cf       	rjmp	.-14     	; 0x1020 <usb_serial_class::flush()+0x14>
    102e:	2f bf       	out	0x3f, r18	; 63
    1030:	2f ef       	ldi	r18, 0xFF	; 255
    1032:	3f ef       	ldi	r19, 0xFF	; 255
    1034:	fc 01       	movw	r30, r24
    1036:	31 87       	std	Z+9, r19	; 0x09
    1038:	20 87       	std	Z+8, r18	; 0x08
    103a:	08 95       	ret

0000103c <usb_serial_class::read()>:
    103c:	fc 01       	movw	r30, r24
    103e:	20 85       	ldd	r18, Z+8	; 0x08
    1040:	31 85       	ldd	r19, Z+9	; 0x09
    1042:	37 fd       	sbrc	r19, 7
    1044:	07 c0       	rjmp	.+14     	; 0x1054 <usb_serial_class::read()+0x18>
    1046:	4f ef       	ldi	r20, 0xFF	; 255
    1048:	5f ef       	ldi	r21, 0xFF	; 255
    104a:	51 87       	std	Z+9, r21	; 0x09
    104c:	40 87       	std	Z+8, r20	; 0x08
    104e:	c9 01       	movw	r24, r18
    1050:	99 27       	eor	r25, r25
    1052:	08 95       	ret
    1054:	9f b7       	in	r25, 0x3f	; 63
    1056:	f8 94       	cli
    1058:	80 91 f4 01 	lds	r24, 0x01F4	; 0x8001f4 <usb_configuration>
    105c:	81 11       	cpse	r24, r1
    105e:	04 c0       	rjmp	.+8      	; 0x1068 <usb_serial_class::read()+0x2c>
    1060:	9f bf       	out	0x3f, r25	; 63
    1062:	8f ef       	ldi	r24, 0xFF	; 255
    1064:	9f ef       	ldi	r25, 0xFF	; 255
    1066:	08 95       	ret
    1068:	83 e0       	ldi	r24, 0x03	; 3
    106a:	80 93 e9 00 	sts	0x00E9, r24	; 0x8000e9 <__DATA_REGION_ORIGIN__+0x89>
    106e:	2b e6       	ldi	r18, 0x6B	; 107
    1070:	80 91 e8 00 	lds	r24, 0x00E8	; 0x8000e8 <__DATA_REGION_ORIGIN__+0x88>
    1074:	85 fd       	sbrc	r24, 5
    1076:	05 c0       	rjmp	.+10     	; 0x1082 <usb_serial_class::read()+0x46>
    1078:	82 ff       	sbrs	r24, 2
    107a:	f2 cf       	rjmp	.-28     	; 0x1060 <usb_serial_class::read()+0x24>
    107c:	20 93 e8 00 	sts	0x00E8, r18	; 0x8000e8 <__DATA_REGION_ORIGIN__+0x88>
    1080:	f7 cf       	rjmp	.-18     	; 0x1070 <usb_serial_class::read()+0x34>
    1082:	80 91 f1 00 	lds	r24, 0x00F1	; 0x8000f1 <__DATA_REGION_ORIGIN__+0x91>
    1086:	20 91 e8 00 	lds	r18, 0x00E8	; 0x8000e8 <__DATA_REGION_ORIGIN__+0x88>
    108a:	25 fd       	sbrc	r18, 5
    108c:	03 c0       	rjmp	.+6      	; 0x1094 <usb_serial_class::read()+0x58>
    108e:	2b e6       	ldi	r18, 0x6B	; 107
    1090:	20 93 e8 00 	sts	0x00E8, r18	; 0x8000e8 <__DATA_REGION_ORIGIN__+0x88>
    1094:	9f bf       	out	0x3f, r25	; 63
    1096:	90 e0       	ldi	r25, 0x00	; 0
    1098:	08 95       	ret

0000109a <usb_serial_class::write(unsigned char const*, unsigned int)>:
    109a:	bf 92       	push	r11
    109c:	cf 92       	push	r12
    109e:	df 92       	push	r13
    10a0:	ef 92       	push	r14
    10a2:	ff 92       	push	r15
    10a4:	0f 93       	push	r16
    10a6:	1f 93       	push	r17
    10a8:	cf 93       	push	r28
    10aa:	df 93       	push	r29
    10ac:	7c 01       	movw	r14, r24
    10ae:	80 91 f4 01 	lds	r24, 0x01F4	; 0x8001f4 <usb_configuration>
    10b2:	81 11       	cpse	r24, r1
    10b4:	10 c0       	rjmp	.+32     	; 0x10d6 <usb_serial_class::write(unsigned char const*, unsigned int)+0x3c>
    10b6:	81 e0       	ldi	r24, 0x01	; 1
    10b8:	f7 01       	movw	r30, r14
    10ba:	82 83       	std	Z+2, r24	; 0x02
    10bc:	10 e0       	ldi	r17, 0x00	; 0
    10be:	00 e0       	ldi	r16, 0x00	; 0
    10c0:	c8 01       	movw	r24, r16
    10c2:	df 91       	pop	r29
    10c4:	cf 91       	pop	r28
    10c6:	1f 91       	pop	r17
    10c8:	0f 91       	pop	r16
    10ca:	ff 90       	pop	r15
    10cc:	ef 90       	pop	r14
    10ce:	df 90       	pop	r13
    10d0:	cf 90       	pop	r12
    10d2:	bf 90       	pop	r11
    10d4:	08 95       	ret
    10d6:	2f b7       	in	r18, 0x3f	; 63
    10d8:	f8 94       	cli
    10da:	84 e0       	ldi	r24, 0x04	; 4
    10dc:	80 93 e9 00 	sts	0x00E9, r24	; 0x8000e9 <__DATA_REGION_ORIGIN__+0x89>
    10e0:	80 91 c4 01 	lds	r24, 0x01C4	; 0x8001c4 <transmit_previous_timeout>
    10e4:	88 23       	and	r24, r24
    10e6:	41 f0       	breq	.+16     	; 0x10f8 <usb_serial_class::write(unsigned char const*, unsigned int)+0x5e>
    10e8:	80 91 e8 00 	lds	r24, 0x00E8	; 0x8000e8 <__DATA_REGION_ORIGIN__+0x88>
    10ec:	85 fd       	sbrc	r24, 5
    10ee:	02 c0       	rjmp	.+4      	; 0x10f4 <usb_serial_class::write(unsigned char const*, unsigned int)+0x5a>
    10f0:	2f bf       	out	0x3f, r18	; 63
    10f2:	e1 cf       	rjmp	.-62     	; 0x10b6 <usb_serial_class::write(unsigned char const*, unsigned int)+0x1c>
    10f4:	10 92 c4 01 	sts	0x01C4, r1	; 0x8001c4 <transmit_previous_timeout>
    10f8:	10 e0       	ldi	r17, 0x00	; 0
    10fa:	00 e0       	ldi	r16, 0x00	; 0
    10fc:	84 e0       	ldi	r24, 0x04	; 4
    10fe:	d8 2e       	mov	r13, r24
    1100:	90 e4       	ldi	r25, 0x40	; 64
    1102:	c9 2e       	mov	r12, r25
    1104:	a1 ef       	ldi	r26, 0xF1	; 241
    1106:	b0 e0       	ldi	r27, 0x00	; 0
    1108:	3a e3       	ldi	r19, 0x3A	; 58
    110a:	b3 2e       	mov	r11, r19
    110c:	33 e0       	ldi	r19, 0x03	; 3
    110e:	41 15       	cp	r20, r1
    1110:	51 05       	cpc	r21, r1
    1112:	09 f4       	brne	.+2      	; 0x1116 <usb_serial_class::write(unsigned char const*, unsigned int)+0x7c>
    1114:	c0 c0       	rjmp	.+384    	; 0x1296 <L552end+0x12>
    1116:	80 91 e4 00 	lds	r24, 0x00E4	; 0x8000e4 <__DATA_REGION_ORIGIN__+0x84>
    111a:	81 5f       	subi	r24, 0xF1	; 241
    111c:	90 91 e8 00 	lds	r25, 0x00E8	; 0x8000e8 <__DATA_REGION_ORIGIN__+0x88>
    1120:	95 fd       	sbrc	r25, 5
    1122:	16 c0       	rjmp	.+44     	; 0x1150 <usb_serial_class::write(unsigned char const*, unsigned int)+0xb6>
    1124:	2f bf       	out	0x3f, r18	; 63
    1126:	90 91 e4 00 	lds	r25, 0x00E4	; 0x8000e4 <__DATA_REGION_ORIGIN__+0x84>
    112a:	89 13       	cpse	r24, r25
    112c:	06 c0       	rjmp	.+12     	; 0x113a <usb_serial_class::write(unsigned char const*, unsigned int)+0xa0>
    112e:	81 e0       	ldi	r24, 0x01	; 1
    1130:	80 93 c4 01 	sts	0x01C4, r24	; 0x8001c4 <transmit_previous_timeout>
    1134:	f7 01       	movw	r30, r14
    1136:	82 83       	std	Z+2, r24	; 0x02
    1138:	c3 cf       	rjmp	.-122    	; 0x10c0 <usb_serial_class::write(unsigned char const*, unsigned int)+0x26>
    113a:	90 91 f4 01 	lds	r25, 0x01F4	; 0x8001f4 <usb_configuration>
    113e:	91 11       	cpse	r25, r1
    1140:	02 c0       	rjmp	.+4      	; 0x1146 <usb_serial_class::write(unsigned char const*, unsigned int)+0xac>
    1142:	81 e0       	ldi	r24, 0x01	; 1
    1144:	f7 cf       	rjmp	.-18     	; 0x1134 <usb_serial_class::write(unsigned char const*, unsigned int)+0x9a>
    1146:	2f b7       	in	r18, 0x3f	; 63
    1148:	f8 94       	cli
    114a:	d0 92 e9 00 	sts	0x00E9, r13	; 0x8000e9 <__DATA_REGION_ORIGIN__+0x89>
    114e:	e6 cf       	rjmp	.-52     	; 0x111c <usb_serial_class::write(unsigned char const*, unsigned int)+0x82>
    1150:	80 91 f2 00 	lds	r24, 0x00F2	; 0x8000f2 <__DATA_REGION_ORIGIN__+0x92>
    1154:	9c 2d       	mov	r25, r12
    1156:	98 1b       	sub	r25, r24
    1158:	94 17       	cp	r25, r20
    115a:	15 06       	cpc	r1, r21
    115c:	11 f0       	breq	.+4      	; 0x1162 <usb_serial_class::write(unsigned char const*, unsigned int)+0xc8>
    115e:	08 f0       	brcs	.+2      	; 0x1162 <usb_serial_class::write(unsigned char const*, unsigned int)+0xc8>
    1160:	94 2f       	mov	r25, r20
    1162:	e9 2f       	mov	r30, r25
    1164:	f0 e0       	ldi	r31, 0x00	; 0
    1166:	4e 1b       	sub	r20, r30
    1168:	5f 0b       	sbc	r21, r31
    116a:	0e 0f       	add	r16, r30
    116c:	1f 1f       	adc	r17, r31
    116e:	eb 01       	movw	r28, r22

00001170 <L552begin>:
    1170:	e0 e4       	ldi	r30, 0x40	; 64
    1172:	e9 1b       	sub	r30, r25
    1174:	e0 34       	cpi	r30, 0x40	; 64
    1176:	28 f4       	brcc	.+10     	; 0x1182 <L552err>
    1178:	ee 0f       	add	r30, r30
    117a:	ff 27       	eor	r31, r31
    117c:	ee 53       	subi	r30, 0x3E	; 62
    117e:	f7 4f       	sbci	r31, 0xF7	; 247
    1180:	09 94       	ijmp

00001182 <L552err>:
    1182:	80 c0       	rjmp	.+256    	; 0x1284 <L552end>

00001184 <L552table>:
    1184:	99 91       	ld	r25, Y+
    1186:	9c 93       	st	X, r25
    1188:	99 91       	ld	r25, Y+
    118a:	9c 93       	st	X, r25
    118c:	99 91       	ld	r25, Y+
    118e:	9c 93       	st	X, r25
    1190:	99 91       	ld	r25, Y+
    1192:	9c 93       	st	X, r25
    1194:	99 91       	ld	r25, Y+
    1196:	9c 93       	st	X, r25
    1198:	99 91       	ld	r25, Y+
    119a:	9c 93       	st	X, r25
    119c:	99 91       	ld	r25, Y+
    119e:	9c 93       	st	X, r25
    11a0:	99 91       	ld	r25, Y+
    11a2:	9c 93       	st	X, r25
    11a4:	99 91       	ld	r25, Y+
    11a6:	9c 93       	st	X, r25
    11a8:	99 91       	ld	r25, Y+
    11aa:	9c 93       	st	X, r25
    11ac:	99 91       	ld	r25, Y+
    11ae:	9c 93       	st	X, r25
    11b0:	99 91       	ld	r25, Y+
    11b2:	9c 93       	st	X, r25
    11b4:	99 91       	ld	r25, Y+
    11b6:	9c 93       	st	X, r25
    11b8:	99 91       	ld	r25, Y+
    11ba:	9c 93       	st	X, r25
    11bc:	99 91       	ld	r25, Y+
    11be:	9c 93       	st	X, r25
    11c0:	99 91       	ld	r25, Y+
    11c2:	9c 93       	st	X, r25
    11c4:	99 91       	ld	r25, Y+
    11c6:	9c 93       	st	X, r25
    11c8:	99 91       	ld	r25, Y+
    11ca:	9c 93       	st	X, r25
    11cc:	99 91       	ld	r25, Y+
    11ce:	9c 93       	st	X, r25
    11d0:	99 91       	ld	r25, Y+
    11d2:	9c 93       	st	X, r25
    11d4:	99 91       	ld	r25, Y+
    11d6:	9c 93       	st	X, r25
    11d8:	99 91       	ld	r25, Y+
    11da:	9c 93       	st	X, r25
    11dc:	99 91       	ld	r25, Y+
    11de:	9c 93       	st	X, r25
    11e0:	99 91       	ld	r25, Y+
    11e2:	9c 93       	st	X, r25
    11e4:	99 91       	ld	r25, Y+
    11e6:	9c 93       	st	X, r25
    11e8:	99 91       	ld	r25, Y+
    11ea:	9c 93       	st	X, r25
    11ec:	99 91       	ld	r25, Y+
    11ee:	9c 93       	st	X, r25
    11f0:	99 91       	ld	r25, Y+
    11f2:	9c 93       	st	X, r25
    11f4:	99 91       	ld	r25, Y+
    11f6:	9c 93       	st	X, r25
    11f8:	99 91       	ld	r25, Y+
    11fa:	9c 93       	st	X, r25
    11fc:	99 91       	ld	r25, Y+
    11fe:	9c 93       	st	X, r25
    1200:	99 91       	ld	r25, Y+
    1202:	9c 93       	st	X, r25
    1204:	99 91       	ld	r25, Y+
    1206:	9c 93       	st	X, r25
    1208:	99 91       	ld	r25, Y+
    120a:	9c 93       	st	X, r25
    120c:	99 91       	ld	r25, Y+
    120e:	9c 93       	st	X, r25
    1210:	99 91       	ld	r25, Y+
    1212:	9c 93       	st	X, r25
    1214:	99 91       	ld	r25, Y+
    1216:	9c 93       	st	X, r25
    1218:	99 91       	ld	r25, Y+
    121a:	9c 93       	st	X, r25
    121c:	99 91       	ld	r25, Y+
    121e:	9c 93       	st	X, r25
    1220:	99 91       	ld	r25, Y+
    1222:	9c 93       	st	X, r25
    1224:	99 91       	ld	r25, Y+
    1226:	9c 93       	st	X, r25
    1228:	99 91       	ld	r25, Y+
    122a:	9c 93       	st	X, r25
    122c:	99 91       	ld	r25, Y+
    122e:	9c 93       	st	X, r25
    1230:	99 91       	ld	r25, Y+
    1232:	9c 93       	st	X, r25
    1234:	99 91       	ld	r25, Y+
    1236:	9c 93       	st	X, r25
    1238:	99 91       	ld	r25, Y+
    123a:	9c 93       	st	X, r25
    123c:	99 91       	ld	r25, Y+
    123e:	9c 93       	st	X, r25
    1240:	99 91       	ld	r25, Y+
    1242:	9c 93       	st	X, r25
    1244:	99 91       	ld	r25, Y+
    1246:	9c 93       	st	X, r25
    1248:	99 91       	ld	r25, Y+
    124a:	9c 93       	st	X, r25
    124c:	99 91       	ld	r25, Y+
    124e:	9c 93       	st	X, r25
    1250:	99 91       	ld	r25, Y+
    1252:	9c 93       	st	X, r25
    1254:	99 91       	ld	r25, Y+
    1256:	9c 93       	st	X, r25
    1258:	99 91       	ld	r25, Y+
    125a:	9c 93       	st	X, r25
    125c:	99 91       	ld	r25, Y+
    125e:	9c 93       	st	X, r25
    1260:	99 91       	ld	r25, Y+
    1262:	9c 93       	st	X, r25
    1264:	99 91       	ld	r25, Y+
    1266:	9c 93       	st	X, r25
    1268:	99 91       	ld	r25, Y+
    126a:	9c 93       	st	X, r25
    126c:	99 91       	ld	r25, Y+
    126e:	9c 93       	st	X, r25
    1270:	99 91       	ld	r25, Y+
    1272:	9c 93       	st	X, r25
    1274:	99 91       	ld	r25, Y+
    1276:	9c 93       	st	X, r25
    1278:	99 91       	ld	r25, Y+
    127a:	9c 93       	st	X, r25
    127c:	99 91       	ld	r25, Y+
    127e:	9c 93       	st	X, r25
    1280:	99 91       	ld	r25, Y+
    1282:	9c 93       	st	X, r25

00001284 <L552end>:
    1284:	be 01       	movw	r22, r28
    1286:	80 91 e8 00 	lds	r24, 0x00E8	; 0x8000e8 <__DATA_REGION_ORIGIN__+0x88>
    128a:	85 ff       	sbrs	r24, 5
    128c:	b0 92 e8 00 	sts	0x00E8, r11	; 0x8000e8 <__DATA_REGION_ORIGIN__+0x88>
    1290:	30 93 c6 01 	sts	0x01C6, r19	; 0x8001c6 <transmit_flush_timer>
    1294:	3c cf       	rjmp	.-392    	; 0x110e <usb_serial_class::write(unsigned char const*, unsigned int)+0x74>
    1296:	2f bf       	out	0x3f, r18	; 63
    1298:	13 cf       	rjmp	.-474    	; 0x10c0 <usb_serial_class::write(unsigned char const*, unsigned int)+0x26>

0000129a <usb_serial_class::begin(long)>:
    129a:	2f ef       	ldi	r18, 0xFF	; 255
    129c:	3f ef       	ldi	r19, 0xFF	; 255
    129e:	fc 01       	movw	r30, r24
    12a0:	31 87       	std	Z+9, r19	; 0x09
    12a2:	20 87       	std	Z+8, r18	; 0x08
    12a4:	7d db       	rcall	.-2310   	; 0x9a0 <usb_init>
    12a6:	0f b6       	in	r0, 0x3f	; 63
    12a8:	f8 94       	cli
    12aa:	80 91 bb 01 	lds	r24, 0x01BB	; 0x8001bb <timer0_millis_count>
    12ae:	90 91 bc 01 	lds	r25, 0x01BC	; 0x8001bc <timer0_millis_count+0x1>
    12b2:	a0 91 bd 01 	lds	r26, 0x01BD	; 0x8001bd <timer0_millis_count+0x2>
    12b6:	b0 91 be 01 	lds	r27, 0x01BE	; 0x8001be <timer0_millis_count+0x3>
    12ba:	0f be       	out	0x3f, r0	; 63
    12bc:	9c 01       	movw	r18, r24
    12be:	80 91 f4 01 	lds	r24, 0x01F4	; 0x8001f4 <usb_configuration>
    12c2:	88 23       	and	r24, r24
    12c4:	29 f0       	breq	.+10     	; 0x12d0 <usb_serial_class::begin(long)+0x36>
    12c6:	68 ec       	ldi	r22, 0xC8	; 200
    12c8:	70 e0       	ldi	r23, 0x00	; 0
    12ca:	80 e0       	ldi	r24, 0x00	; 0
    12cc:	90 e0       	ldi	r25, 0x00	; 0
    12ce:	29 cb       	rjmp	.-2478   	; 0x922 <delay>
    12d0:	80 91 f3 01 	lds	r24, 0x01F3	; 0x8001f3 <usb_suspended>
    12d4:	88 23       	and	r24, r24
    12d6:	01 f1       	breq	.+64     	; 0x1318 <usb_serial_class::begin(long)+0x7e>
    12d8:	0f b6       	in	r0, 0x3f	; 63
    12da:	f8 94       	cli
    12dc:	40 91 bb 01 	lds	r20, 0x01BB	; 0x8001bb <timer0_millis_count>
    12e0:	50 91 bc 01 	lds	r21, 0x01BC	; 0x8001bc <timer0_millis_count+0x1>
    12e4:	60 91 bd 01 	lds	r22, 0x01BD	; 0x8001bd <timer0_millis_count+0x2>
    12e8:	70 91 be 01 	lds	r23, 0x01BE	; 0x8001be <timer0_millis_count+0x3>
    12ec:	0f be       	out	0x3f, r0	; 63
    12ee:	80 91 f3 01 	lds	r24, 0x01F3	; 0x8001f3 <usb_suspended>
    12f2:	88 23       	and	r24, r24
    12f4:	89 f0       	breq	.+34     	; 0x1318 <usb_serial_class::begin(long)+0x7e>
    12f6:	0f b6       	in	r0, 0x3f	; 63
    12f8:	f8 94       	cli
    12fa:	80 91 bb 01 	lds	r24, 0x01BB	; 0x8001bb <timer0_millis_count>
    12fe:	90 91 bc 01 	lds	r25, 0x01BC	; 0x8001bc <timer0_millis_count+0x1>
    1302:	a0 91 bd 01 	lds	r26, 0x01BD	; 0x8001bd <timer0_millis_count+0x2>
    1306:	b0 91 be 01 	lds	r27, 0x01BE	; 0x8001be <timer0_millis_count+0x3>
    130a:	0f be       	out	0x3f, r0	; 63
    130c:	84 1b       	sub	r24, r20
    130e:	95 0b       	sbc	r25, r21
    1310:	8b 3f       	cpi	r24, 0xFB	; 251
    1312:	91 05       	cpc	r25, r1
    1314:	60 f3       	brcs	.-40     	; 0x12ee <usb_serial_class::begin(long)+0x54>
    1316:	08 95       	ret
    1318:	0f b6       	in	r0, 0x3f	; 63
    131a:	f8 94       	cli
    131c:	80 91 bb 01 	lds	r24, 0x01BB	; 0x8001bb <timer0_millis_count>
    1320:	90 91 bc 01 	lds	r25, 0x01BC	; 0x8001bc <timer0_millis_count+0x1>
    1324:	a0 91 bd 01 	lds	r26, 0x01BD	; 0x8001bd <timer0_millis_count+0x2>
    1328:	b0 91 be 01 	lds	r27, 0x01BE	; 0x8001be <timer0_millis_count+0x3>
    132c:	0f be       	out	0x3f, r0	; 63
    132e:	82 1b       	sub	r24, r18
    1330:	93 0b       	sbc	r25, r19
    1332:	85 3c       	cpi	r24, 0xC5	; 197
    1334:	99 40       	sbci	r25, 0x09	; 9
    1336:	08 f4       	brcc	.+2      	; 0x133a <usb_serial_class::begin(long)+0xa0>
    1338:	c2 cf       	rjmp	.-124    	; 0x12be <usb_serial_class::begin(long)+0x24>
    133a:	08 95       	ret

0000133c <usb_keyboard_class::unicode_to_keycode(unsigned int)>:
    133c:	60 32       	cpi	r22, 0x20	; 32
    133e:	71 05       	cpc	r23, r1
    1340:	40 f4       	brcc	.+16     	; 0x1352 <usb_keyboard_class::unicode_to_keycode(unsigned int)+0x16>
    1342:	6a 30       	cpi	r22, 0x0A	; 10
    1344:	71 05       	cpc	r23, r1
    1346:	69 f0       	breq	.+26     	; 0x1362 <usb_keyboard_class::unicode_to_keycode(unsigned int)+0x26>
    1348:	6b 30       	cpi	r22, 0x0B	; 11
    134a:	71 05       	cpc	r23, r1
    134c:	61 f4       	brne	.+24     	; 0x1366 <usb_keyboard_class::unicode_to_keycode(unsigned int)+0x2a>
    134e:	8b e2       	ldi	r24, 0x2B	; 43
    1350:	08 95       	ret
    1352:	60 38       	cpi	r22, 0x80	; 128
    1354:	71 05       	cpc	r23, r1
    1356:	38 f4       	brcc	.+14     	; 0x1366 <usb_keyboard_class::unicode_to_keycode(unsigned int)+0x2a>
    1358:	6d 5b       	subi	r22, 0xBD	; 189
    135a:	7c 4f       	sbci	r23, 0xFC	; 252
    135c:	fb 01       	movw	r30, r22
    135e:	84 91       	lpm	r24, Z
    1360:	08 95       	ret
    1362:	88 e2       	ldi	r24, 0x28	; 40
    1364:	08 95       	ret
    1366:	80 e0       	ldi	r24, 0x00	; 0
    1368:	08 95       	ret

0000136a <usb_keyboard_class::set_modifier(unsigned int)>:
    136a:	60 93 ea 01 	sts	0x01EA, r22	; 0x8001ea <keyboard_report_data>
    136e:	08 95       	ret

00001370 <usb_keyboard_class::set_key1(unsigned char)>:
    1370:	60 93 ec 01 	sts	0x01EC, r22	; 0x8001ec <keyboard_report_data+0x2>
    1374:	08 95       	ret

00001376 <usb_keyboard_class::send_now()>:
    1376:	80 91 f4 01 	lds	r24, 0x01F4	; 0x8001f4 <usb_configuration>
    137a:	88 23       	and	r24, r24
    137c:	09 f4       	brne	.+2      	; 0x1380 <usb_keyboard_class::send_now()+0xa>
    137e:	41 c0       	rjmp	.+130    	; 0x1402 <usb_keyboard_class::send_now()+0x8c>
    1380:	8f b7       	in	r24, 0x3f	; 63
    1382:	f8 94       	cli
    1384:	91 e0       	ldi	r25, 0x01	; 1
    1386:	90 93 e9 00 	sts	0x00E9, r25	; 0x8000e9 <__DATA_REGION_ORIGIN__+0x89>
    138a:	90 91 e4 00 	lds	r25, 0x00E4	; 0x8000e4 <__DATA_REGION_ORIGIN__+0x84>
    138e:	9e 5c       	subi	r25, 0xCE	; 206
    1390:	21 e0       	ldi	r18, 0x01	; 1
    1392:	30 91 e8 00 	lds	r19, 0x00E8	; 0x8000e8 <__DATA_REGION_ORIGIN__+0x88>
    1396:	35 fd       	sbrc	r19, 5
    1398:	0e c0       	rjmp	.+28     	; 0x13b6 <usb_keyboard_class::send_now()+0x40>
    139a:	8f bf       	out	0x3f, r24	; 63
    139c:	80 91 f4 01 	lds	r24, 0x01F4	; 0x8001f4 <usb_configuration>
    13a0:	88 23       	and	r24, r24
    13a2:	79 f1       	breq	.+94     	; 0x1402 <usb_keyboard_class::send_now()+0x8c>
    13a4:	80 91 e4 00 	lds	r24, 0x00E4	; 0x8000e4 <__DATA_REGION_ORIGIN__+0x84>
    13a8:	98 17       	cp	r25, r24
    13aa:	59 f1       	breq	.+86     	; 0x1402 <usb_keyboard_class::send_now()+0x8c>
    13ac:	8f b7       	in	r24, 0x3f	; 63
    13ae:	f8 94       	cli
    13b0:	20 93 e9 00 	sts	0x00E9, r18	; 0x8000e9 <__DATA_REGION_ORIGIN__+0x89>
    13b4:	ee cf       	rjmp	.-36     	; 0x1392 <usb_keyboard_class::send_now()+0x1c>
    13b6:	90 91 ea 01 	lds	r25, 0x01EA	; 0x8001ea <keyboard_report_data>
    13ba:	90 93 f1 00 	sts	0x00F1, r25	; 0x8000f1 <__DATA_REGION_ORIGIN__+0x91>
    13be:	90 91 eb 01 	lds	r25, 0x01EB	; 0x8001eb <keyboard_report_data+0x1>
    13c2:	90 93 f1 00 	sts	0x00F1, r25	; 0x8000f1 <__DATA_REGION_ORIGIN__+0x91>
    13c6:	90 91 ec 01 	lds	r25, 0x01EC	; 0x8001ec <keyboard_report_data+0x2>
    13ca:	90 93 f1 00 	sts	0x00F1, r25	; 0x8000f1 <__DATA_REGION_ORIGIN__+0x91>
    13ce:	90 91 ed 01 	lds	r25, 0x01ED	; 0x8001ed <keyboard_report_data+0x3>
    13d2:	90 93 f1 00 	sts	0x00F1, r25	; 0x8000f1 <__DATA_REGION_ORIGIN__+0x91>
    13d6:	90 91 ee 01 	lds	r25, 0x01EE	; 0x8001ee <keyboard_report_data+0x4>
    13da:	90 93 f1 00 	sts	0x00F1, r25	; 0x8000f1 <__DATA_REGION_ORIGIN__+0x91>
    13de:	90 91 ef 01 	lds	r25, 0x01EF	; 0x8001ef <keyboard_report_data+0x5>
    13e2:	90 93 f1 00 	sts	0x00F1, r25	; 0x8000f1 <__DATA_REGION_ORIGIN__+0x91>
    13e6:	90 91 f0 01 	lds	r25, 0x01F0	; 0x8001f0 <keyboard_report_data+0x6>
    13ea:	90 93 f1 00 	sts	0x00F1, r25	; 0x8000f1 <__DATA_REGION_ORIGIN__+0x91>
    13ee:	90 91 f1 01 	lds	r25, 0x01F1	; 0x8001f1 <keyboard_report_data+0x7>
    13f2:	90 93 f1 00 	sts	0x00F1, r25	; 0x8000f1 <__DATA_REGION_ORIGIN__+0x91>
    13f6:	9a e3       	ldi	r25, 0x3A	; 58
    13f8:	90 93 e8 00 	sts	0x00E8, r25	; 0x8000e8 <__DATA_REGION_ORIGIN__+0x88>
    13fc:	10 92 e7 01 	sts	0x01E7, r1	; 0x8001e7 <keyboard_idle_count>
    1400:	8f bf       	out	0x3f, r24	; 63
    1402:	08 95       	ret

00001404 <usb_keyboard_class::write_key(unsigned char)>:
    1404:	cf 93       	push	r28
    1406:	df 93       	push	r29
    1408:	ec 01       	movw	r28, r24
    140a:	82 e0       	ldi	r24, 0x02	; 2
    140c:	66 ff       	sbrs	r22, 6
    140e:	80 e0       	ldi	r24, 0x00	; 0
    1410:	80 93 ea 01 	sts	0x01EA, r24	; 0x8001ea <keyboard_report_data>
    1414:	10 92 eb 01 	sts	0x01EB, r1	; 0x8001eb <keyboard_report_data+0x1>
    1418:	6f 73       	andi	r22, 0x3F	; 63
    141a:	60 93 ec 01 	sts	0x01EC, r22	; 0x8001ec <keyboard_report_data+0x2>
    141e:	10 92 ed 01 	sts	0x01ED, r1	; 0x8001ed <keyboard_report_data+0x3>
    1422:	10 92 ee 01 	sts	0x01EE, r1	; 0x8001ee <keyboard_report_data+0x4>
    1426:	10 92 ef 01 	sts	0x01EF, r1	; 0x8001ef <keyboard_report_data+0x5>
    142a:	10 92 f0 01 	sts	0x01F0, r1	; 0x8001f0 <keyboard_report_data+0x6>
    142e:	10 92 f1 01 	sts	0x01F1, r1	; 0x8001f1 <keyboard_report_data+0x7>
    1432:	ce 01       	movw	r24, r28
    1434:	a0 df       	rcall	.-192    	; 0x1376 <usb_keyboard_class::send_now()>
    1436:	10 92 ea 01 	sts	0x01EA, r1	; 0x8001ea <keyboard_report_data>
    143a:	10 92 ec 01 	sts	0x01EC, r1	; 0x8001ec <keyboard_report_data+0x2>
    143e:	ce 01       	movw	r24, r28
    1440:	df 91       	pop	r29
    1442:	cf 91       	pop	r28
    1444:	98 cf       	rjmp	.-208    	; 0x1376 <usb_keyboard_class::send_now()>

00001446 <usb_keyboard_class::write_keycode(unsigned char)>:
    1446:	61 11       	cpse	r22, r1
    1448:	dd cf       	rjmp	.-70     	; 0x1404 <usb_keyboard_class::write_key(unsigned char)>
    144a:	08 95       	ret

0000144c <usb_keyboard_class::write(unsigned char)>:
    144c:	cf 93       	push	r28
    144e:	df 93       	push	r29
    1450:	ec 01       	movw	r28, r24
    1452:	67 fd       	sbrc	r22, 7
    1454:	0c c0       	rjmp	.+24     	; 0x146e <usb_keyboard_class::write(unsigned char)+0x22>
    1456:	1b 82       	std	Y+3, r1	; 0x03
    1458:	70 e0       	ldi	r23, 0x00	; 0
    145a:	ce 01       	movw	r24, r28
    145c:	6f df       	rcall	.-290    	; 0x133c <usb_keyboard_class::unicode_to_keycode(unsigned int)>
    145e:	68 2f       	mov	r22, r24
    1460:	ce 01       	movw	r24, r28
    1462:	f1 df       	rcall	.-30     	; 0x1446 <usb_keyboard_class::write_keycode(unsigned char)>
    1464:	81 e0       	ldi	r24, 0x01	; 1
    1466:	90 e0       	ldi	r25, 0x00	; 0
    1468:	df 91       	pop	r29
    146a:	cf 91       	pop	r28
    146c:	08 95       	ret
    146e:	60 3c       	cpi	r22, 0xC0	; 192
    1470:	d0 f4       	brcc	.+52     	; 0x14a6 <usb_keyboard_class::write(unsigned char)+0x5a>
    1472:	6f 73       	andi	r22, 0x3F	; 63
    1474:	8b 81       	ldd	r24, Y+3	; 0x03
    1476:	81 30       	cpi	r24, 0x01	; 1
    1478:	39 f4       	brne	.+14     	; 0x1488 <usb_keyboard_class::write(unsigned char)+0x3c>
    147a:	1b 82       	std	Y+3, r1	; 0x03
    147c:	8c 81       	ldd	r24, Y+4	; 0x04
    147e:	9d 81       	ldd	r25, Y+5	; 0x05
    1480:	9c 01       	movw	r18, r24
    1482:	26 2b       	or	r18, r22
    1484:	b9 01       	movw	r22, r18
    1486:	e9 cf       	rjmp	.-46     	; 0x145a <usb_keyboard_class::write(unsigned char)+0xe>
    1488:	82 30       	cpi	r24, 0x02	; 2
    148a:	61 f7       	brne	.-40     	; 0x1464 <usb_keyboard_class::write(unsigned char)+0x18>
    148c:	30 e4       	ldi	r19, 0x40	; 64
    148e:	63 9f       	mul	r22, r19
    1490:	b0 01       	movw	r22, r0
    1492:	11 24       	eor	r1, r1
    1494:	8c 81       	ldd	r24, Y+4	; 0x04
    1496:	9d 81       	ldd	r25, Y+5	; 0x05
    1498:	68 2b       	or	r22, r24
    149a:	79 2b       	or	r23, r25
    149c:	7d 83       	std	Y+5, r23	; 0x05
    149e:	6c 83       	std	Y+4, r22	; 0x04
    14a0:	81 e0       	ldi	r24, 0x01	; 1
    14a2:	8b 83       	std	Y+3, r24	; 0x03
    14a4:	df cf       	rjmp	.-66     	; 0x1464 <usb_keyboard_class::write(unsigned char)+0x18>
    14a6:	60 3e       	cpi	r22, 0xE0	; 224
    14a8:	38 f4       	brcc	.+14     	; 0x14b8 <usb_keyboard_class::write(unsigned char)+0x6c>
    14aa:	80 e4       	ldi	r24, 0x40	; 64
    14ac:	68 9f       	mul	r22, r24
    14ae:	b0 01       	movw	r22, r0
    14b0:	11 24       	eor	r1, r1
    14b2:	60 7c       	andi	r22, 0xC0	; 192
    14b4:	77 70       	andi	r23, 0x07	; 7
    14b6:	f2 cf       	rjmp	.-28     	; 0x149c <usb_keyboard_class::write(unsigned char)+0x50>
    14b8:	8f ef       	ldi	r24, 0xFF	; 255
    14ba:	60 3f       	cpi	r22, 0xF0	; 240
    14bc:	90 f7       	brcc	.-28     	; 0x14a2 <usb_keyboard_class::write(unsigned char)+0x56>
    14be:	62 95       	swap	r22
    14c0:	60 7f       	andi	r22, 0xF0	; 240
    14c2:	1c 82       	std	Y+4, r1	; 0x04
    14c4:	6d 83       	std	Y+5, r22	; 0x05
    14c6:	82 e0       	ldi	r24, 0x02	; 2
    14c8:	ec cf       	rjmp	.-40     	; 0x14a2 <usb_keyboard_class::write(unsigned char)+0x56>

000014ca <_GLOBAL__sub_I__ZN16usb_serial_class5beginEl>:



// Preinstantiate Objects //////////////////////////////////////////////////////

usb_serial_class        Serial = usb_serial_class();
    14ca:	ee ec       	ldi	r30, 0xCE	; 206
    14cc:	f1 e0       	ldi	r31, 0x01	; 1
    14ce:	11 86       	std	Z+9, r1	; 0x09
    14d0:	10 86       	std	Z+8, r1	; 0x08
class __FlashStringHelper;

class Print
{
  public:
	constexpr Print() : write_error(0) {}
    14d2:	12 82       	std	Z+2, r1	; 0x02
#include "Print.h"

class Stream : public Print
{
  public:
	Stream() : _timeout(1000), read_error(0) {}
    14d4:	88 ee       	ldi	r24, 0xE8	; 232
    14d6:	93 e0       	ldi	r25, 0x03	; 3
    14d8:	a0 e0       	ldi	r26, 0x00	; 0
    14da:	b0 e0       	ldi	r27, 0x00	; 0
    14dc:	83 83       	std	Z+3, r24	; 0x03
    14de:	94 83       	std	Z+4, r25	; 0x04
    14e0:	a5 83       	std	Z+5, r26	; 0x05
    14e2:	b6 83       	std	Z+6, r27	; 0x06
    14e4:	17 82       	std	Z+7, r1	; 0x07

#include "keylayouts.h"
#include "Print.h"
#include "Stream.h"

class usb_serial_class : public Stream
    14e6:	8f e9       	ldi	r24, 0x9F	; 159
    14e8:	91 e0       	ldi	r25, 0x01	; 1
    14ea:	91 83       	std	Z+1, r25	; 0x01
    14ec:	80 83       	st	Z, r24
usb_keyboard_class      Keyboard = usb_keyboard_class();
    14ee:	e8 ec       	ldi	r30, 0xC8	; 200
    14f0:	f1 e0       	ldi	r31, 0x01	; 1
    14f2:	12 82       	std	Z+2, r1	; 0x02
    14f4:	13 82       	std	Z+3, r1	; 0x03
    14f6:	14 82       	std	Z+4, r1	; 0x04
    14f8:	15 82       	std	Z+5, r1	; 0x05
extern usb_serial_class Serial;




class usb_keyboard_class : public Print
    14fa:	81 eb       	ldi	r24, 0xB1	; 177
    14fc:	91 e0       	ldi	r25, 0x01	; 1
    14fe:	91 83       	std	Z+1, r25	; 0x01
    1500:	80 83       	st	Z, r24
extern uint8_t joystick_report_data[12];

class usb_joystick_class
{
        public:
        usb_joystick_class() { manual_mode = 0; }
    1502:	10 92 c7 01 	sts	0x01C7, r1	; 0x8001c7 <Joystick>
usb_mouse_class         Mouse = usb_mouse_class();
usb_joystick_class      Joystick = usb_joystick_class();
    1506:	08 95       	ret

00001508 <__tablejump2__>:
    1508:	ee 0f       	add	r30, r30
    150a:	ff 1f       	adc	r31, r31
    150c:	05 90       	lpm	r0, Z+
    150e:	f4 91       	lpm	r31, Z
    1510:	e0 2d       	mov	r30, r0
    1512:	09 94       	ijmp

00001514 <_exit>:
    1514:	f8 94       	cli

00001516 <__stop_program>:
    1516:	ff cf       	rjmp	.-2      	; 0x1516 <__stop_program>
